item_id,paper_item,location,printed_display,printed_value,decimals,kind,scale,source,file,pointer,transform,expression,stars_pointer,rule,reference_value,note
TXT-IV.3-01,Section IV.3 text,"Section IV.3 (data and semantic measurement), paragraph 2: “美国的语料数据始于2014年”",2014,2014,0,int,1,results,table2_sample.json,/by_country/US/all/first_ym,ym_year,,,round,2014,year of the reported month
TXT-IV.3-02,Section IV.3 text,"Section IV.3 (data and semantic measurement), paragraph 2: “英国的数据始于2004年”",2004,2004,0,int,1,results,table2_sample.json,/by_country/UK/all/first_ym,ym_year,,,round,2004,year of the reported month
TXT-IV.3-03,Section IV.3 text,"Section IV.3 (data and semantic measurement), paragraph 2: “澳大利亚的数据始于2017年”",2017,2017,0,int,1,results,table2_sample.json,/by_country/AU/all/first_ym,ym_year,,,round,2017,year of the reported month
TXT-IV.3-04,Section IV.3 text,"Section IV.3 (data and semantic measurement), paragraph 2: “三国的数据均截止于2025年”",2025,2025,0,int,1,results,table2_sample.json,/total/last_ym,ym_year,,,round,2025,year of the reported month
TXT-IV.3-05,Section IV.3 text,"Section IV.3 (data and semantic measurement), paragraph 2: “共计来源于11,459篇语料”","11,459",11459,0,N,1,results,table2_sample.json,/total/documents,,,,round,11459,
TXT-IV.3-06,Section IV.3 text,"Section IV.3 (data and semantic measurement), paragraph 2: “美国的文本来源约占53.8%”",53.8%,53.8,1,pct,100,results,table2_sample.json,/by_country/US/all/share_of_occurrences,,,,round,53.768552263244075,
TXT-IV.3-07,Section IV.3 text,"Section IV.3 (data and semantic measurement), paragraph 2: “英国约占29.6%”",29.6%,29.6,1,pct,100,results,table2_sample.json,/by_country/UK/all/share_of_occurrences,,,,round,29.64136692547404,
TXT-IV.3-08,Section IV.3 text,"Section IV.3 (data and semantic measurement), paragraph 2: “澳大利亚约占16.6%”",16.6%,16.6,1,pct,100,results,table2_sample.json,/by_country/AU/all/share_of_occurrences,,,,round,16.590080811281886,
TXT-IV.3-09,Section IV.3 text,"Section IV.3 (data and semantic measurement), paragraph 2: “共识别出37,866个该概念出现的观测点”","37,866",37866,0,N,1,results,table2_sample.json,/total/occurrences,,,,round,37866,
TXT-IV.3-10,Section IV.3 text,"Section IV.3 (data and semantic measurement), paragraph 3: “AUKUS 协定签署（2021年9月）前后期”",2021年9月,2021-09,,ym,1,results,table2_sample.json,/by_period/post/first_ym,,,,text,2021-09,first month of the post-signing period
TXT-IV.3-11,Section IV.3 text,"Section IV.3 (data and semantic measurement), paragraph 7: “基于37,866个概念词语出现点”","37,866",37866,0,N,1,results,table2_sample.json,/total/occurrences,,,,round,37866,
TXT-IV.3-12,Section IV.3 text,"Section IV.3 (data and semantic measurement), paragraph 7: “出现点和11,459篇语料”","11,459",11459,0,N,1,results,table2_sample.json,/total/documents,,,,round,11459,
TXT-IV.4-01,Section IV.4 text,"Section IV.4 (empirical strategy and inference), paragraph 2: “本文使用88个主成分”",88,88,0,int,1,results,h2/meta.json,/n_pc,,,,round,88,
TXT-IV.4-02,Section IV.4 text,"Section IV.4 (empirical strategy and inference), paragraph 2: “保留约99%的方差”",99%,99,0,pct,100,results,h1/deberta-v3-base/h1.json,/cumulative_variance_88,,,,round,99.00749721993135,
TXT-IV.4-03,Section IV.4 text,"Section IV.4 (empirical strategy and inference), paragraph 3: “全时段数据（N=37,866）”","37,866",37866,0,N,1,results,h2/wcb.json,/n_samples,,,,round,37866,
TXT-IV.4-04,Section IV.4 text,"Section IV.4 (empirical strategy and inference), paragraph 3: “签署月份（2021年9月）作为时间断点”",2021年9月,2021-09,,ym,1,results,table2_sample.json,/by_period/post/first_ym,,,,text,2021-09,first month of the post-signing period
TXT-IV.4-05,Section IV.4 text,"Section IV.4 (empirical strategy and inference), paragraph 4: “（t = year − 2014）”",2014,2014,0,int,1,param,,,,wcb.trend_origin_year,,round,2014,"setting stated in the original manuscript, checked against its value in the package"
TXT-IV.4-06,Section IV.4 text,"Section IV.4 (empirical strategy and inference), paragraph 5: “进行1,000次重抽样”","1,000",1000,0,N,1,results,h2/wcb.json,/n_bootstrap,,,,round,1000,
TXT-V.1-01,Section V.1 text,"Section V.1 (descriptive statistics of the corpus), paragraph 1: “共提取出了37,866次”","37,866",37866,0,N,1,results,table2_sample.json,/total/occurrences,,,,round,37866,
TXT-V.1-02,Section V.1 text,"Section V.1 (descriptive statistics of the corpus), paragraph 1: “美国的观测量占比53.8%”",53.8%,53.8,1,pct,100,results,table2_sample.json,/by_country/US/all/share_of_occurrences,,,,round,53.768552263244075,
TXT-V.1-03,Section V.1 text,"Section V.1 (descriptive statistics of the corpus), paragraph 1: “英国的观测量占比为29.6%”",29.6%,29.6,1,pct,100,results,table2_sample.json,/by_country/UK/all/share_of_occurrences,,,,round,29.64136692547404,
TXT-V.1-04,Section V.1 text,"Section V.1 (descriptive statistics of the corpus), paragraph 1: “澳大利亚的观测量占比为16.6%”",16.6%,16.6,1,pct,100,results,table2_sample.json,/by_country/AU/all/share_of_occurrences,,,,round,16.590080811281886,
TXT-V.2-01,Section V.2 text,"Section V.2 (baseline difference, H1), paragraph 1: “（美国始于2014年”",2014,2014,0,int,1,results,table2_sample.json,/by_country/US/all/first_ym,ym_year,,,round,2014,year of the reported month
TXT-V.2-02,Section V.2 text,"Section V.2 (baseline difference, H1), paragraph 1: “英国始于2004年）”",2004,2004,0,int,1,results,table2_sample.json,/by_country/UK/all/first_ym,ym_year,,,round,2004,year of the reported month
TXT-V.2-03,Section V.2 text,"Section V.2 (baseline difference, H1), paragraph 1: “英国2004-2013年”",2004,2004,0,int,1,results,table2_sample.json,/by_country/UK/all/first_ym,ym_year,,,round,2004,year of the reported month
TXT-V.2-04,Section V.2 text,"Section V.2 (baseline difference, H1), paragraph 1: “2004-2013年的数据”",2013,2013,0,,1,expression,,,,"int(v('table2_sample.json', '/by_country/US/all/first_ym')[:4]) - 1",,round,2013,last year before the US data begin
TXT-V.2-05,Section V.2 text,"Section V.2 (baseline difference, H1), paragraph 1: “均有覆盖的2014年至2021年8月”",2014,2014,0,int,1,results,table2_sample.json,/by_country/US/pre/first_ym,ym_year,,,round,2014,year of the reported month
TXT-V.2-06,Section V.2 text,"Section V.2 (baseline difference, H1), paragraph 1: “2014年至2021年8月”",2021年8月,2021-08,,ym,1,results,table2_sample.json,/by_period/pre/last_ym,,,,text,2021-08,last month of the pre-signing period
TXT-V.2-07,Section V.2 text,"Section V.2 (baseline difference, H1), paragraph 2: “F=58.60, p<0.001”",58.60,58.60,2,F,1,results,h1/deberta-v3-base/manova.json,/results/8/F,,,,round,58.600071730603894,
TXT-V.2-08,Section V.2 text,"Section V.2 (baseline difference, H1), paragraph 2: “p<0.001, N=17,601”",<0.001,0.001,3,p,1,results,h1/deberta-v3-base/manova.json,/results/8/p,,,,p_floor,0.0,
TXT-V.2-09,Section V.2 text,"Section V.2 (baseline difference, H1), paragraph 2: “N=17,601”","17,601",17601,0,N,1,results,h1/deberta-v3-base/manova.json,/results/8/n,,,,round,17601,
TXT-V.2-10,Section V.2 text,"Section V.2 (baseline difference, H1), paragraph 2: “F值介于36.28与”",36.28,36.28,2,,1,expression,,,,"min(v(f'h1/{e}/h1.json', '/test6_k88/F') for e in ALTERNATIVES)",,round,36.27904311970602,smallest of the four alternative-encoder F statistics
TXT-V.2-11,Section V.2 text,"Section V.2 (baseline difference, H1), paragraph 2: “36.28与43.24之间”",43.24,43.24,2,,1,expression,,,,"max(v(f'h1/{e}/h1.json', '/test6_k88/F') for e in ALTERNATIVES)",,round,43.23595776777407,largest of the four alternative-encoder F statistics
TXT-V.2-12,Section V.2 text,"Section V.2 (baseline difference, H1), paragraph 2: “各检验p<0.001”",<0.001,0.001,3,,1,expression,,,,"max(v(f'h1/{e}/h1.json', '/test6_k88/p') for e in ALTERNATIVES)",,p_floor,0.0,largest of the four alternative-encoder p values
TXT-V.3-01,Section V.3 text,"Section V.3 (effect of the signing, H2), paragraph 1: “以 AUKUS 签署月份（2021年9月）为时间断点”",2021年9月,2021-09,,ym,1,results,table2_sample.json,/by_period/post/first_ym,,,,text,2021-09,first month of the post-signing period
TXT-V.3-02,Section V.3 text,"Section V.3 (effect of the signing, H2), paragraph 2: “PC1（βtime=-0.0064”",-0.0064,-0.0064,4,beta,1,results,h2/wcb.json,/comparison/PC1/time/coef,,,,round,-0.006376941401993161,
TXT-V.3-03,Section V.3 text,"Section V.3 (effect of the signing, H2), paragraph 2: “βtime=-0.0064, p<0.001”",<0.001,0.001,3,p,1,results,h2/wcb.json,/comparison/PC1/time/p_bootstrap,,,,p_floor,0.0,
TXT-V.3-04,Section V.3 text,"Section V.3 (effect of the signing, H2), paragraph 2: “PC3（βtime=-0.0083”",-0.0083,-0.0083,4,beta,1,results,h2/wcb.json,/comparison/PC3/time/coef,,,,round,-0.008272938166621589,
TXT-V.3-05,Section V.3 text,"Section V.3 (effect of the signing, H2), paragraph 2: “（βtime=-0.0083, p<0.001）维度”",<0.001,0.001,3,p,1,results,h2/wcb.json,/comparison/PC3/time/p_bootstrap,,,,p_floor,0.0,
TXT-V.3-06,Section V.3 text,"Section V.3 (effect of the signing, H2), paragraph 2: “（p=0.171和”",0.171,0.171,3,p,1,results,h2/wcb.json,/comparison/PC1/post_aukus/p_bootstrap,,,,round,0.171,
TXT-V.3-07,Section V.3 text,"Section V.3 (effect of the signing, H2), paragraph 2: “和p=0.811）”",0.811,0.811,3,p,1,results,h2/wcb.json,/comparison/PC2/post_aukus/p_bootstrap,,,,round,0.811,
TXT-V.3-08,Section V.3 text,"Section V.3 (effect of the signing, H2), paragraph 2: “β_post=0.0516”",0.0516,0.0516,4,beta,1,results,h2/wcb.json,/comparison/PC3/post_aukus/coef,,,,round,0.05160276910763205,
TXT-V.3-09,Section V.3 text,"Section V.3 (effect of the signing, H2), paragraph 2: “β_post=0.0516, p<0.001”",<0.001,0.001,3,p,1,results,h2/wcb.json,/comparison/PC3/post_aukus/p_bootstrap,,,,p_floor,0.0,
TXT-V.3-10,Section V.3 text,"Section V.3 (effect of the signing, H2), paragraph 2: “（βtime =-0.0083”",-0.0083,-0.0083,4,beta,1,results,h2/wcb.json,/comparison/PC3/time/coef,,,,round,-0.008272938166621589,
TXT-V.3-11,Section V.3 text,"Section V.3 (effect of the signing, H2), paragraph 2: “（βtime =-0.0083, p<0.001）”",<0.001,0.001,3,p,1,results,h2/wcb.json,/comparison/PC3/time/p_bootstrap,,,,p_floor,0.0,
TXT-V.3-12,Section V.3 text,"Section V.3 (effect of the signing, H2), paragraph 2: “（β=0.0333, p=0.012）”",0.0333,0.0333,4,beta,1,results,h2/wcb.json,/comparison/PC1/UK_x_post/coef,,,,round,0.03325550277934557,
TXT-V.3-13,Section V.3 text,"Section V.3 (effect of the signing, H2), paragraph 2: “β=0.0333, p=0.012”",0.012,0.012,3,p,1,results,h2/wcb.json,/comparison/PC1/UK_x_post/p_bootstrap,,,,round,0.012,
TXT-V.3-14,Section V.3 text,"Section V.3 (effect of the signing, H2), paragraph 2: “英国主项β=-0.0224”",-0.0224,-0.0224,4,beta,1,results,h2/wcb.json,/comparison/PC1/UK/coef,,,,round,-0.022447261225194446,
TXT-V.3-15,Section V.3 text,"Section V.3 (effect of the signing, H2), paragraph 2: “-0.0224, p=0.005”",0.005,0.005,3,p,1,results,h2/wcb.json,/comparison/PC1/UK/p_bootstrap,,,,round,0.005,
TXT-V.3-16,Section V.3 text,"Section V.3 (effect of the signing, H2), paragraph 3: “显示了2014-2024年间”",2014,2014,0,int,1,results,h2/parallel_trends.json,/coefficients/PC1,min_year_key,,,round,2014,
TXT-V.3-17,Section V.3 text,"Section V.3 (effect of the signing, H2), paragraph 3: “2014-2024年间”",2024,2024,0,int,1,results,h2/parallel_trends.json,/coefficients/PC1,max_year_key,,,round,2024,
TXT-V.3-18,Section V.3 text,"Section V.3 (effect of the signing, H2), paragraph 3: “（基准年2021）”",2021,2021,0,int,1,results,h2/parallel_trends.json,/base_year,,,,round,2021,
TXT-V.3-19,Section V.3 text,"Section V.3 (effect of the signing, H2), paragraph 3: “签署前7年”",7,7,0,df,1,results,h2/parallel_trends.json,/parallel_trends_test/PC1/UK/df,,,,round,7,number of pre-signing event-study years
TXT-V.3-20,Section V.3 text,"Section V.3 (effect of the signing, H2), paragraph 3: “签署后3年”",3,3,0,,1,expression,,,,"max_year_key(v('h2/parallel_trends.json', '/coefficients/PC1')) - v('h2/parallel_trends.json', '/base_year')",,round,3,number of post-signing event-study years
TXT-V.3-21,Section V.3 text,"Section V.3 (effect of the signing, H2), paragraph 2: “显著性水平（p=0.065）”",0.065,0.065,3,p,1,results,h2/parallel_trends.json,/parallel_trends_test/PC2/UK/p_value,,,,round,0.0653246302278494,
TXT-V.3-22,Section V.3 text,"Section V.3 (effect of the signing, H2), paragraph 3: “Wald p=0.945”",0.945,0.945,3,p,1,results,h2/parallel_trends.json,/parallel_trends_test/PC1/UK/p_value,,,,round,0.9446673617279705,
TXT-V.3-23,Section V.3 text,"Section V.3 (effect of the signing, H2), paragraph 4: “以虚假时间点2020年和”",2020,2020,0,int,1,param,,,,did_robustness.placebo_years.0,,round,2020,placebo cut year (analysis parameter)
TXT-V.3-24,Section V.3 text,"Section V.3 (effect of the signing, H2), paragraph 4: “2020年和2021年估计不含”",2021,2021,0,int,1,param,,,,did_robustness.placebo_years.1,,round,2021,placebo cut year (analysis parameter)
TXT-V.3-25,Section V.3 text,"Section V.3 (effect of the signing, H2), paragraph 5: “（差值为0.00601”",0.00601,0.00601,5,sq,1,results,distance/summary.json,/v1_sample/US_UK/delta_sq/estimate,,,,round,0.006014703462328512,
TXT-V.3-26,Section V.3 text,"Section V.3 (effect of the signing, H2), paragraph 5: “两国均有数据的2014年以后的样本（本分析的主规格）”",2014,2014,0,int,1,results,distance/deberta-v3-base.json,/params/first_month,month_code_year,,,round,2014,first month of the distance-analysis sample
TXT-V.3-27,Section V.3 text,"Section V.3 (effect of the signing, H2), paragraph 5: “（差值为0.00304”",0.00304,0.00304,5,sq,1,results,distance/summary.json,/rows/0/delta_sq,,,,round,0.003038541362912907,
TXT-V.3-28,Section V.3 text,"Section V.3 (effect of the signing, H2), paragraph 5: “纳入英国2004—2013年的文本”",2004,2004,0,int,1,results,table2_sample.json,/by_country/UK/all/first_ym,ym_year,,,round,2004,year of the reported month
TXT-V.3-29,Section V.3 text,"Section V.3 (effect of the signing, H2), paragraph 5: “2004—2013年的文本。而在”",2013,2013,0,,1,expression,,,,"int(v('table2_sample.json', '/by_country/US/all/first_ym')[:4]) - 1",,round,2013,last year before the US data begin
TXT-V.4-01,Section V.4 text,"Section V.4 (semantic neighbours, H3), paragraph 2: “在三国共同的前15个近邻词中”",15,15,0,int,1,param,,,,h3.top_n_compare,,round,15,"setting stated in the original manuscript, checked against its value in the package"
TXT-V.4-02,Section V.4 text,"Section V.4 (semantic neighbours, H3), paragraph 2: “有8个词汇同时出现”",8,8,0,int,1,results,h3/h3.json,/post_aukus_analysis/common_words_top15,len,,,round,8,
TXT-V.4-03,Section V.4 text,"Section V.4 (semantic neighbours, H3), paragraph 3: “均不在任何一国的前15位”",15,15,0,int,1,param,,,,h3.top_n_compare,,round,15,"setting stated in the original manuscript, checked against its value in the package"
TXT-V.4-04,Section V.4 text,"Section V.4 (semantic neighbours, H3), paragraph 3: “进入澳大利亚的前15位”",15,15,0,int,1,param,,,,h3.top_n_compare,,round,15,"setting stated in the original manuscript, checked against its value in the package"
TXT-V.4-05,Section V.4 text,"Section V.4 (semantic neighbours, H3), paragraph 6: “三国各自前15个近邻词”",15,15,0,int,1,param,,,,h3.top_n_compare,,round,15,"setting stated in the original manuscript, checked against its value in the package"
TXT-V.4-06,Section V.4 text,"Section V.4 (semantic neighbours, H3), paragraph 6: “近邻词的共同词为10个”",10,10,0,int,1,results,h3/h3.json,/pre_aukus_analysis/common_words_top15,len,,,round,10,
TXT-V.4-07,Section V.4 text,"Section V.4 (semantic neighbours, H3), paragraph 6: “这一数字下降为8个”",8,8,0,int,1,results,h3/h3.json,/post_aukus_analysis/common_words_top15,len,,,round,8,
TXT-V.5-01,Section V.5 text,"Section V.5 (robustness checks), paragraph 1: “以2020年为假断点”",2020,2020,0,int,1,param,,,,did_robustness.placebo_years.0,,round,2020,placebo cut year (analysis parameter)
TXT-V.5-02,Section V.5 text,"Section V.5 (robustness checks), paragraph 2: “点估计为0.0387”",0.0387,0.0387,4,beta,1,results,external/deberta-v3-base/estimate/summary.json,/rows/0/estimate,,,,round,0.03868374098963326,
TXT-VI-01,Section VI text,"Section VI (conclusion), paragraph 1: “语料中37,866次”","37,866",37866,0,N,1,results,table2_sample.json,/total/occurrences,,,,round,37866,
FN61-01,Footnote 61,Footnote 61: “共筛选出56个”,56,56,0,int,1,results,table2_sample.json,/total/terms,,,,round,56,
FN70-01,Footnote 70,Footnote 70: “基于100个高频锚词”,100,100,0,int,1,results,intermediate/deberta-v3-base_A_fit.json,/diagnostics/distinct_labels,,,,round,100,"setting stated in the original manuscript, checked against its value in the package"
FN70-02,Footnote 70,"Footnote 70: “使用三国语料中49,999个”","49,999",49999,0,N,1,results,intermediate/deberta-v3-base_A_fit.json,/n_train,,,,round,49999,"setting stated in the original manuscript, checked against its value in the package"
FN72-01,Footnote 72,Footnote 72: “在3至99个主成分”,3,3,0,int,1,results,h1/deberta-v3-base/h1_test6_pc_robustness.json,/results/0/n_pc,,,,round,3,smallest number of retained components; H1 test 6 recomputed over the grid
FN72-02,Footnote 72,Footnote 72: “3至99个主成分范围”,99,99,0,int,1,results,h1/deberta-v3-base/h1_test6_pc_robustness.json,/results/8/n_pc,,,,round,99,largest number of retained components; H1 test 6 recomputed over the grid
FN75-01,Footnote 75,Footnote 75: “（仅844条观测”,844,844,0,N,1,results,table2_sample.json,/by_country/AU/pre/occurrences,,,,round,844,
FN75-02,Footnote 75,Footnote 75: “其中60%集中于”,60%,60,0,pct,100,results,table2_sample.json,/au_pre/share_in_2021,,,,round,59.834123222748815,
FN75-03,Footnote 75,Footnote 75: “集中于2021年），前期”,2021,2021,0,int,1,label,,,,,,label,2021,year in the label of the reported share (not computed)
FN78-01,Footnote 78,Footnote 78: “仅有844条观测”,844,844,0,N,1,results,table2_sample.json,/by_country/AU/pre/occurrences,,,,round,844,
FN78-02,Footnote 78,Footnote 78: “（其中60%集中于”,60%,60,0,pct,100,results,table2_sample.json,/au_pre/share_in_2021,,,,round,59.834123222748815,
FN78-03,Footnote 78,Footnote 78: “集中于2021年），时间”,2021,2021,0,int,1,label,,,,,,label,2021,year in the label of the reported share (not computed)
FN78-04,Footnote 78,Footnote 78: “均有覆盖的2017年起”,2017,2017,0,int,1,results,table2_sample.json,/by_country/AU/all/first_ym,ym_year,,,round,2017,year of the reported month
FN78-05,Footnote 78,Footnote 78: “F=24.88”,24.88,24.88,2,F,1,results,h1/deberta-v3-base/manova.json,/results/6/F,,,,round,24.876456489410273,
FN78-06,Footnote 78,"Footnote 78: “F=24.88, p<0.001”",<0.001,0.001,3,p,1,results,h1/deberta-v3-base/manova.json,/results/6/p,,,,p_floor,0.0,
FN78-07,Footnote 78,"Footnote 78: “N=11,963”","11,963",11963,0,N,1,results,h1/deberta-v3-base/manova.json,/results/6/n,,,,round,11963,
FN80-01,Footnote 80,Footnote 80: “不再显著（p=0.107与”,0.107,0.107,3,p,1,results,h2/placebo_with_trend.json,/2020/PC3/UK_x_fake_post/boot_p,,,,round,0.107,
FN80-02,Footnote 80,Footnote 80: “0.107与0.112）”,0.112,0.112,3,p,1,results,h2/placebo_with_trend.json,/2021/PC3/UK_x_fake_post/boot_p,,,,round,0.112,
FN81-01,Footnote 81,"Footnote 81: “重抽样2,000次”","2,000",2000,0,N,1,results,distance/deberta-v3-base.json,/bootstrap/B,,,,round,2000,
FN83-01,Footnote 83,"Footnote 83: “从原始50,257个”","50,257",50257,0,N,1,results,h3/h3.json,/vocabulary_filter/total_vocab,,,,round,50257,
FN83-02,Footnote 83,"Footnote 83: “中筛选出32,070个”","32,070",32070,0,N,1,results,h3/h3.json,/vocabulary_filter/effective_tokens_kept,,,,round,32070,
FN84-01,Footnote 84,Footnote 84: “（2021年9月至”,2021年9月,2021-09,,ym,1,results,table2_sample.json,/by_period/post/first_ym,,,,text,2021-09,first month of the post-signing period
FN84-02,Footnote 84,Footnote 84: “至2025年）”,2025,2025,0,int,1,results,table2_sample.json,/by_period/post/last_ym,ym_year,,,round,2025,year of the reported month
FN84-03,Footnote 84,"Footnote 84: “美国7,128条”","7,128",7128,0,N,1,results,h3/h3.json,/sample_sizes/post_aukus/US,,,,round,7128,
FN84-04,Footnote 84,"Footnote 84: “英国4,516条”","4,516",4516,0,N,1,results,h3/h3.json,/sample_sizes/post_aukus/UK,,,,round,4516,
FN84-05,Footnote 84,"Footnote 84: “澳大利亚5,438条”","5,438",5438,0,N,1,results,h3/h3.json,/sample_sizes/post_aukus/AU,,,,round,5438,
FN84-06,Footnote 84,Footnote 84: “各国前15个最近邻词”,15,15,0,int,1,param,,,,h3.top_n_compare,,round,15,"setting stated in the original manuscript, checked against its value in the package"
FN85-01,Footnote 85,Footnote 85: “样本窗口为2014年1月至”,2014年1月,2014-01,,ym,1,param,,,,external:windows.SG.start,,text,2014-01,external-control sample window (analysis parameter)
FN85-02,Footnote 85,Footnote 85: “至2025年11月，加”,2025年11月,2025-11,,ym,1,param,,,,external:windows.SG.end,,text,2025-11,external-control sample window (analysis parameter)
FN85-03,Footnote 85,Footnote 85: “加拿大为2017年1月”,2017年1月,2017-01,,ym,1,param,,,,external:windows.CA.start,,text,2017-01,external-control sample window (analysis parameter)
FN85-04,Footnote 85,Footnote 85: “至2025年11月。由于”,2025年11月,2025-11,,ym,1,param,,,,external:windows.CA.end,,text,2025-11,external-control sample window (analysis parameter)
FN85-05,Footnote 85,Footnote 85: “最小效应为0.277个”,0.277,0.277,3,mde_sd,1,results,external/deberta-v3-base/design/mde.json,/mde/SG/estimands/theta/ref_PC1/mde_sd,,,,round,0.2770072530715048,
FN85-06,Footnote 85,Footnote 85: “以2020年为基年”,2020,2020,0,text,1,results,external/deberta-v3-base/estimate/event_study.json,/SG/design/reference,,,,round,2020,
FN85-07,Footnote 85,Footnote 85: “签署前的2021年1月至8月”,2021年1月至8月,,,text,1,label,,,,,,label,,label of the reported event-period estimate (event period 2021a; not computed)
FN85-08,Footnote 85,Footnote 85: “已有抬升（0.0402）”,0.0402,0.0402,4,beta,1,results,external/deberta-v3-base/estimate/event_study.json,/SG/PCs/ref_PC1/coefficients/theta@2021a/estimate,,,,round,0.040177847745728364,
TAB1-001,Table 1,"Table 1, row semantic representation (Y), definition column: vector dimension",768,768,0,int,1,bundle,encodings/deberta-v3-base/targets_U.npy,,npy_width,,,round,768,width of the baseline encoder's hidden states in the encodings of the data bundle
TAB1-002,Table 1,"Table 1, row semantic representation (Y), statistics column: N","37,866",37866,0,N,1,results,table2_sample.json,/total/occurrences,,,,round,37866,
TAB1-003,Table 1,"Table 1, row country, statistics column: US","20,360",20360,0,N,1,results,table2_sample.json,/by_country/US/all/occurrences,,,,round,20360,
TAB1-004,Table 1,"Table 1, row country, statistics column: UK","11,224",11224,0,N,1,results,table2_sample.json,/by_country/UK/all/occurrences,,,,round,11224,
TAB1-005,Table 1,"Table 1, row country, statistics column: AU","6,282",6282,0,N,1,results,table2_sample.json,/by_country/AU/all/occurrences,,,,round,6282,
TAB1-006,Table 1,"Table 1, row AUKUS signing (Post), definition column: first post-signing month",2021 年 9 月,2021-09,,ym,1,results,table2_sample.json,/by_period/post/first_ym,,,,text,2021-09,first month of the post-signing period
TAB1-007,Table 1,"Table 1, row AUKUS signing (Post), statistics column: pre-signing","20,784",20784,0,N,1,results,table2_sample.json,/by_period/pre/occurrences,,,,round,20784,
TAB1-008,Table 1,"Table 1, row AUKUS signing (Post), statistics column: post-signing","17,082",17082,0,N,1,results,table2_sample.json,/by_period/post/occurrences,,,,round,17082,
TAB1-009,Table 1,"Table 1, row time (t), definition column: trend origin in t = year − 2014",2014,2014,0,int,1,param,,,,wcb.trend_origin_year,,round,2014,"setting stated in the original manuscript, checked against its value in the package"
TAB1-010,Table 1,"Table 1, row time (t), statistics column: range start",2004,2004,0,int,1,results,table2_sample.json,/total/first_ym,ym_year,,,round,2004,year of the reported month
TAB1-011,Table 1,"Table 1, row time (t), statistics column: range end",2025,2025,0,int,1,results,table2_sample.json,/total/last_ym,ym_year,,,round,2025,year of the reported month
TAB1-012,Table 1,"Table 1, row document identifier, statistics column: number of clusters","11,459",11459,0,N,1,results,h2/wcb.json,/n_clusters,,,,round,11459,
TAB2-001,Table 2,"Table 2, row United States, column occurrences","20,360",20360,0,N,1,results,table2_sample.json,/by_country/US/all/occurrences,,,,round,20360,
TAB2-002,Table 2,"Table 2, row United States, column share",53.8%,53.8,1,pct,100,results,table2_sample.json,/by_country/US/all/share_of_occurrences,,,,round,53.768552263244075,
TAB2-003,Table 2,"Table 2, row United States, column before AUKUS","13,232",13232,0,N,1,results,table2_sample.json,/by_country/US/pre/occurrences,,,,round,13232,
TAB2-004,Table 2,"Table 2, row United States, column after AUKUS","7,128",7128,0,N,1,results,table2_sample.json,/by_country/US/post/occurrences,,,,round,7128,
TAB2-005,Table 2,"Table 2, row United Kingdom, column occurrences","11,224",11224,0,N,1,results,table2_sample.json,/by_country/UK/all/occurrences,,,,round,11224,
TAB2-006,Table 2,"Table 2, row United Kingdom, column share",29.6%,29.6,1,pct,100,results,table2_sample.json,/by_country/UK/all/share_of_occurrences,,,,round,29.64136692547404,
TAB2-007,Table 2,"Table 2, row United Kingdom, column before AUKUS","6,708",6708,0,N,1,results,table2_sample.json,/by_country/UK/pre/occurrences,,,,round,6708,
TAB2-008,Table 2,"Table 2, row United Kingdom, column after AUKUS","4,516",4516,0,N,1,results,table2_sample.json,/by_country/UK/post/occurrences,,,,round,4516,
TAB2-009,Table 2,"Table 2, row Australia, column occurrences","6,282",6282,0,N,1,results,table2_sample.json,/by_country/AU/all/occurrences,,,,round,6282,
TAB2-010,Table 2,"Table 2, row Australia, column share",16.6%,16.6,1,pct,100,results,table2_sample.json,/by_country/AU/all/share_of_occurrences,,,,round,16.590080811281886,
TAB2-011,Table 2,"Table 2, row Australia, column before AUKUS",844,844,0,N,1,results,table2_sample.json,/by_country/AU/pre/occurrences,,,,round,844,
TAB2-012,Table 2,"Table 2, row Australia, column after AUKUS","5,438",5438,0,N,1,results,table2_sample.json,/by_country/AU/post/occurrences,,,,round,5438,
TAB2-013,Table 2,"Table 2, row total, column occurrences","37,866",37866,0,N,1,results,table2_sample.json,/total/occurrences,,,,round,37866,
TAB2-014,Table 2,"Table 2, row total, column share",100%,100,0,pct,100,expression,,,,"sum(v('table2_sample.json', f'/by_country/{c}/all/share_of_occurrences') for c in ('US', 'UK', 'AU'))",,round,100.0,
TAB2-015,Table 2,"Table 2, row total, column before AUKUS","20,784",20784,0,N,1,results,table2_sample.json,/by_period/pre/occurrences,,,,round,20784,
TAB2-016,Table 2,"Table 2, row total, column after AUKUS","17,082",17082,0,N,1,results,table2_sample.json,/by_period/post/occurrences,,,,round,17082,
TAB3-001,Table 3,"Table 3, column sample period: start",2014,2014,0,int,1,results,table2_sample.json,/by_country/US/pre/first_ym,ym_year,,,round,2014,year of the reported month
TAB3-002,Table 3,"Table 3, column sample period: end",2021.08,2021-08,,ym,1,results,table2_sample.json,/by_period/pre/last_ym,,,,text,2021-08,last month of the pre-signing period
TAB3-003,Table 3,"Table 3, column N","17,601",17601,0,N,1,results,h1/deberta-v3-base/manova.json,/results/8/n,,,,round,17601,
TAB3-004,Table 3,"Table 3, column F statistic",58.60,58.60,2,F,1,results,h1/deberta-v3-base/manova.json,/results/8/F,,,,round,58.600071730603894,
TAB3-005,Table 3,"Table 3, column p value",< 0.001,0.001,3,p,1,results,h1/deberta-v3-base/manova.json,/results/8/p,,,,p_floor,0.0,
TAB3-006,Table 3,"Table 3, note line 1: number of principal components",88,88,0,int,1,results,h2/meta.json,/n_pc,,,,round,88,
TAB3-007,Table 3,"Table 3, note line 1: share of variance retained",99%,99,0,pct,100,results,h1/deberta-v3-base/h1.json,/cumulative_variance_88,,,,round,99.00749721993135,
TAB3-008,Table 3,"Table 3, note line 2: start of the overlap period",2014,2014,0,int,1,results,table2_sample.json,/by_country/US/pre/first_ym,ym_year,,,round,2014,year of the reported month
TAB4-001,Table 4,"Table 4, row intercept, column PC1: coefficient",0.0403***,0.0403,4,beta,1,results,h2/wcb.json,/comparison/PC1/intercept/coef,,,/comparison/PC1/intercept/p_bootstrap,round,0.040257346199290764,"wcb.json, comparison.PC1.intercept.coef; stars follow the bootstrap p value (*** p<0.001, ** p<0.01, * p<0.05, † p<0.1)"
TAB4-002,Table 4,"Table 4, row intercept, column PC1: bootstrap standard error",(0.0067),0.0067,4,beta,1,results,h2/wcb.json,/comparison/PC1/intercept/se_bootstrap,,,,round,0.006674142081631018,"wcb.json, comparison.PC1.intercept.se_bootstrap"
TAB4-003,Table 4,"Table 4, row intercept, column PC2: coefficient",-0.0120*,-0.0120,4,beta,1,results,h2/wcb.json,/comparison/PC2/intercept/coef,,,/comparison/PC2/intercept/p_bootstrap,round,-0.011991234711446898,"wcb.json, comparison.PC2.intercept.coef; stars follow the bootstrap p value (*** p<0.001, ** p<0.01, * p<0.05, † p<0.1)"
TAB4-004,Table 4,"Table 4, row intercept, column PC2: bootstrap standard error",(0.0051),0.0051,4,beta,1,results,h2/wcb.json,/comparison/PC2/intercept/se_bootstrap,,,,round,0.005059165626178345,"wcb.json, comparison.PC2.intercept.se_bootstrap"
TAB4-005,Table 4,"Table 4, row intercept, column PC3: coefficient",0.0474***,0.0474,4,beta,1,results,h2/wcb.json,/comparison/PC3/intercept/coef,,,/comparison/PC3/intercept/p_bootstrap,round,0.04742114642655892,"wcb.json, comparison.PC3.intercept.coef; stars follow the bootstrap p value (*** p<0.001, ** p<0.01, * p<0.05, † p<0.1)"
TAB4-006,Table 4,"Table 4, row intercept, column PC3: bootstrap standard error",(0.0064),0.0064,4,beta,1,results,h2/wcb.json,/comparison/PC3/intercept/se_bootstrap,,,,round,0.006442257112463641,"wcb.json, comparison.PC3.intercept.se_bootstrap"
TAB4-007,Table 4,"Table 4, row D_UK (United Kingdom), column PC1: coefficient",-0.0224**,-0.0224,4,beta,1,results,h2/wcb.json,/comparison/PC1/UK/coef,,,/comparison/PC1/UK/p_bootstrap,round,-0.022447261225194446,"stars follow the bootstrap p value (*** p<0.001, ** p<0.01, * p<0.05, † p<0.1)"
TAB4-008,Table 4,"Table 4, row D_UK (United Kingdom), column PC1: bootstrap standard error",(0.0079),0.0079,4,beta,1,results,h2/wcb.json,/comparison/PC1/UK/se_bootstrap,,,,round,0.007943062907105738,"wcb.json, comparison.PC1.UK.se_bootstrap"
TAB4-009,Table 4,"Table 4, row D_UK (United Kingdom), column PC2: coefficient",0.0122†,0.0122,4,beta,1,results,h2/wcb.json,/comparison/PC2/UK/coef,,,/comparison/PC2/UK/p_bootstrap,round,0.012223802592230007,"stars follow the bootstrap p value (*** p<0.001, ** p<0.01, * p<0.05, † p<0.1)"
TAB4-010,Table 4,"Table 4, row D_UK (United Kingdom), column PC2: bootstrap standard error",(0.0070),0.0070,4,beta,1,results,h2/wcb.json,/comparison/PC2/UK/se_bootstrap,,,,round,0.007004637982186457,"wcb.json, comparison.PC2.UK.se_bootstrap"
TAB4-011,Table 4,"Table 4, row D_UK (United Kingdom), column PC3: coefficient",-0.0389***,-0.0389,4,beta,1,results,h2/wcb.json,/comparison/PC3/UK/coef,,,/comparison/PC3/UK/p_bootstrap,round,-0.03888895012449764,"stars follow the bootstrap p value (*** p<0.001, ** p<0.01, * p<0.05, † p<0.1)"
TAB4-012,Table 4,"Table 4, row D_UK (United Kingdom), column PC3: bootstrap standard error",(0.0084),0.0084,4,beta,1,results,h2/wcb.json,/comparison/PC3/UK/se_bootstrap,,,,round,0.008361645385295387,"wcb.json, comparison.PC3.UK.se_bootstrap"
TAB4-013,Table 4,"Table 4, row D_AU (Australia), column PC1: coefficient",-0.0404*,-0.0404,4,beta,1,results,h2/wcb.json,/comparison/PC1/AU/coef,,,/comparison/PC1/AU/p_bootstrap,round,-0.040381237731216324,"stars follow the bootstrap p value (*** p<0.001, ** p<0.01, * p<0.05, † p<0.1)"
TAB4-014,Table 4,"Table 4, row D_AU (Australia), column PC1: bootstrap standard error",(0.0160),0.0160,4,beta,1,results,h2/wcb.json,/comparison/PC1/AU/se_bootstrap,,,,round,0.015995349049429234,"wcb.json, comparison.PC1.AU.se_bootstrap"
TAB4-015,Table 4,"Table 4, row D_AU (Australia), column PC2: coefficient",0.0428*,0.0428,4,beta,1,results,h2/wcb.json,/comparison/PC2/AU/coef,,,/comparison/PC2/AU/p_bootstrap,round,0.04275780940144185,"stars follow the bootstrap p value (*** p<0.001, ** p<0.01, * p<0.05, † p<0.1)"
TAB4-016,Table 4,"Table 4, row D_AU (Australia), column PC2: bootstrap standard error",(0.0175),0.0175,4,beta,1,results,h2/wcb.json,/comparison/PC2/AU/se_bootstrap,,,,round,0.017477533072546035,"wcb.json, comparison.PC2.AU.se_bootstrap"
TAB4-017,Table 4,"Table 4, row D_AU (Australia), column PC3: coefficient",-0.0042,-0.0042,4,beta,1,results,h2/wcb.json,/comparison/PC3/AU/coef,,,,round,-0.00420963436866993,"stars follow the bootstrap p value (*** p<0.001, ** p<0.01, * p<0.05, † p<0.1)"
TAB4-018,Table 4,"Table 4, row D_AU (Australia), column PC3: bootstrap standard error",(0.0150),0.0150,4,beta,1,results,h2/wcb.json,/comparison/PC3/AU/se_bootstrap,,,,round,0.014959843739274175,"wcb.json, comparison.PC3.AU.se_bootstrap"
TAB4-019,Table 4,"Table 4, row t (time trend), column PC1: coefficient",-0.0064***,-0.0064,4,beta,1,results,h2/wcb.json,/comparison/PC1/time/coef,,,/comparison/PC1/time/p_bootstrap,round,-0.006376941401993161,"stars follow the bootstrap p value (*** p<0.001, ** p<0.01, * p<0.05, † p<0.1)"
TAB4-020,Table 4,"Table 4, row t (time trend), column PC1: bootstrap standard error",(0.0012),0.0012,4,beta,1,results,h2/wcb.json,/comparison/PC1/time/se_bootstrap,,,,round,0.001198531134604389,"wcb.json, comparison.PC1.time.se_bootstrap"
TAB4-021,Table 4,"Table 4, row t (time trend), column PC2: coefficient",-0.0004,-0.0004,4,beta,1,results,h2/wcb.json,/comparison/PC2/time/coef,,,,round,-0.00039077740327910903,"stars follow the bootstrap p value (*** p<0.001, ** p<0.01, * p<0.05, † p<0.1)"
TAB4-022,Table 4,"Table 4, row t (time trend), column PC2: bootstrap standard error",(0.0011),0.0011,4,beta,1,results,h2/wcb.json,/comparison/PC2/time/se_bootstrap,,,,round,0.001114040409065594,"wcb.json, comparison.PC2.time.se_bootstrap"
TAB4-023,Table 4,"Table 4, row t (time trend), column PC3: coefficient",-0.0083***,-0.0083,4,beta,1,results,h2/wcb.json,/comparison/PC3/time/coef,,,/comparison/PC3/time/p_bootstrap,round,-0.008272938166621589,"stars follow the bootstrap p value (*** p<0.001, ** p<0.01, * p<0.05, † p<0.1)"
TAB4-024,Table 4,"Table 4, row t (time trend), column PC3: bootstrap standard error",(0.0013),0.0013,4,beta,1,results,h2/wcb.json,/comparison/PC3/time/se_bootstrap,,,,round,0.001282074560331549,"wcb.json, comparison.PC3.time.se_bootstrap"
TAB4-025,Table 4,"Table 4, row Post (after AUKUS), column PC1: coefficient",0.0134,0.0134,4,beta,1,results,h2/wcb.json,/comparison/PC1/post_aukus/coef,,,,round,0.013386142813738258,"stars follow the bootstrap p value (*** p<0.001, ** p<0.01, * p<0.05, † p<0.1)"
TAB4-026,Table 4,"Table 4, row Post (after AUKUS), column PC1: bootstrap standard error",(0.0097),0.0097,4,beta,1,results,h2/wcb.json,/comparison/PC1/post_aukus/se_bootstrap,,,,round,0.00966005419155748,"wcb.json, comparison.PC1.post_aukus.se_bootstrap"
TAB4-027,Table 4,"Table 4, row Post (after AUKUS), column PC2: coefficient",-0.0021,-0.0021,4,beta,1,results,h2/wcb.json,/comparison/PC2/post_aukus/coef,,,,round,-0.0020923266862429737,"stars follow the bootstrap p value (*** p<0.001, ** p<0.01, * p<0.05, † p<0.1)"
TAB4-028,Table 4,"Table 4, row Post (after AUKUS), column PC2: bootstrap standard error",(0.0087),0.0087,4,beta,1,results,h2/wcb.json,/comparison/PC2/post_aukus/se_bootstrap,,,,round,0.008705500195165661,"wcb.json, comparison.PC2.post_aukus.se_bootstrap"
TAB4-029,Table 4,"Table 4, row Post (after AUKUS), column PC3: coefficient",0.0516***,0.0516,4,beta,1,results,h2/wcb.json,/comparison/PC3/post_aukus/coef,,,/comparison/PC3/post_aukus/p_bootstrap,round,0.05160276910763205,"stars follow the bootstrap p value (*** p<0.001, ** p<0.01, * p<0.05, † p<0.1)"
TAB4-030,Table 4,"Table 4, row Post (after AUKUS), column PC3: bootstrap standard error",(0.0100),0.0100,4,beta,1,results,h2/wcb.json,/comparison/PC3/post_aukus/se_bootstrap,,,,round,0.009980751285421799,"wcb.json, comparison.PC3.post_aukus.se_bootstrap"
TAB4-031,Table 4,"Table 4, row D_UK × Post, column PC1: coefficient",0.0333*,0.0333,4,beta,1,results,h2/wcb.json,/comparison/PC1/UK_x_post/coef,,,/comparison/PC1/UK_x_post/p_bootstrap,round,0.03325550277934557,"stars follow the bootstrap p value (*** p<0.001, ** p<0.01, * p<0.05, † p<0.1)"
TAB4-032,Table 4,"Table 4, row D_UK × Post, column PC1: bootstrap standard error",(0.0129),0.0129,4,beta,1,results,h2/wcb.json,/comparison/PC1/UK_x_post/se_bootstrap,,,,round,0.012929554029385417,"wcb.json, comparison.PC1.UK_x_post.se_bootstrap"
TAB4-033,Table 4,"Table 4, row D_UK × Post, column PC2: coefficient",0.0239*,0.0239,4,beta,1,results,h2/wcb.json,/comparison/PC2/UK_x_post/coef,,,/comparison/PC2/UK_x_post/p_bootstrap,round,0.02394051159568191,"stars follow the bootstrap p value (*** p<0.001, ** p<0.01, * p<0.05, † p<0.1)"
TAB4-034,Table 4,"Table 4, row D_UK × Post, column PC2: bootstrap standard error",(0.0103),0.0103,4,beta,1,results,h2/wcb.json,/comparison/PC2/UK_x_post/se_bootstrap,,,,round,0.010254951970971734,"wcb.json, comparison.PC2.UK_x_post.se_bootstrap"
TAB4-035,Table 4,"Table 4, row D_UK × Post, column PC3: coefficient",-0.0532***,-0.0532,4,beta,1,results,h2/wcb.json,/comparison/PC3/UK_x_post/coef,,,/comparison/PC3/UK_x_post/p_bootstrap,round,-0.05317983389793995,"stars follow the bootstrap p value (*** p<0.001, ** p<0.01, * p<0.05, † p<0.1)"
TAB4-036,Table 4,"Table 4, row D_UK × Post, column PC3: bootstrap standard error",(0.0123),0.0123,4,beta,1,results,h2/wcb.json,/comparison/PC3/UK_x_post/se_bootstrap,,,,round,0.012276349793352667,"wcb.json, comparison.PC3.UK_x_post.se_bootstrap"
TAB4-037,Table 4,"Table 4, row D_AU × Post, column PC1: coefficient",0.0017,0.0017,4,beta,1,results,h2/wcb.json,/comparison/PC1/AU_x_post/coef,,,,round,0.0017325972601884409,"stars follow the bootstrap p value (*** p<0.001, ** p<0.01, * p<0.05, † p<0.1)"
TAB4-038,Table 4,"Table 4, row D_AU × Post, column PC1: bootstrap standard error",(0.0179),0.0179,4,beta,1,results,h2/wcb.json,/comparison/PC1/AU_x_post/se_bootstrap,,,,round,0.017868372855591622,"wcb.json, comparison.PC1.AU_x_post.se_bootstrap"
TAB4-039,Table 4,"Table 4, row D_AU × Post, column PC2: coefficient",0.0114,0.0114,4,beta,1,results,h2/wcb.json,/comparison/PC2/AU_x_post/coef,,,,round,0.011420310281099175,"stars follow the bootstrap p value (*** p<0.001, ** p<0.01, * p<0.05, † p<0.1)"
TAB4-040,Table 4,"Table 4, row D_AU × Post, column PC2: bootstrap standard error",(0.0192),0.0192,4,beta,1,results,h2/wcb.json,/comparison/PC2/AU_x_post/se_bootstrap,,,,round,0.01916143292904701,"wcb.json, comparison.PC2.AU_x_post.se_bootstrap"
TAB4-041,Table 4,"Table 4, row D_AU × Post, column PC3: coefficient",-0.0273,-0.0273,4,beta,1,results,h2/wcb.json,/comparison/PC3/AU_x_post/coef,,,,round,-0.027338563332533046,"stars follow the bootstrap p value (*** p<0.001, ** p<0.01, * p<0.05, † p<0.1)"
TAB4-042,Table 4,"Table 4, row D_AU × Post, column PC3: bootstrap standard error",(0.0170),0.0170,4,beta,1,results,h2/wcb.json,/comparison/PC3/AU_x_post/se_bootstrap,,,,round,0.016961274519846435,"wcb.json, comparison.PC3.AU_x_post.se_bootstrap"
TAB4-043,Table 4,"Table 4, row R², column PC1",0.0058,0.0058,4,beta,1,results,h2/did.json,/model_3_time_trend/PC1/_meta/r_squared,,,,round,0.005829164651304897,"did.json, model_3_time_trend.PC1._meta.r_squared"
TAB4-044,Table 4,"Table 4, row R², column PC2",0.0042,0.0042,4,beta,1,results,h2/did.json,/model_3_time_trend/PC2/_meta/r_squared,,,,round,0.00419820172683516,"did.json, model_3_time_trend.PC2._meta.r_squared"
TAB4-045,Table 4,"Table 4, row R², column PC3",0.0148,0.0148,4,beta,1,results,h2/did.json,/model_3_time_trend/PC3/_meta/r_squared,,,,round,0.014832176073505843,"did.json, model_3_time_trend.PC3._meta.r_squared"
TAB4-046,Table 4,"Table 4, note line 2: trend origin in t = year − 2014",2014,2014,0,int,1,param,,,,wcb.trend_origin_year,,round,2014,"setting stated in the original manuscript, checked against its value in the package"
TAB4-047,Table 4,"Table 4, note line 4: N","37,866",37866,0,N,1,results,h2/wcb.json,/n_samples,,,,round,37866,
TAB4-048,Table 4,"Table 4, note line 4: number of clusters","11,459",11459,0,N,1,results,h2/wcb.json,/n_clusters,,,,round,11459,
FIG1-01,Figure 1,"Figure 1, panel (a), x-axis label PC1 (share of variance)",7.0%,7.0,1,pct2,100,results,figures/figures_1_2.json,/figure1/explained_variance_ratio/0,,,,round,,"axis label of Figure 1, checked against the PCA of the figure itself (original vectors, script 08); no full-precision value of the published figure is archived, so there is no full-precision reference. The analysis PCA-3 of the baseline encoder (results/h2/meta.json) gives 7.001706% and rounds to the same printed value."
FIG1-02,Figure 1,"Figure 1, panel (a), y-axis label PC2 (share of variance)",5.4%,5.4,1,pct2,100,results,figures/figures_1_2.json,/figure1/explained_variance_ratio/1,,,,round,,"axis label of Figure 1, checked against the PCA of the figure itself (original vectors, script 08); no full-precision value of the published figure is archived, so there is no full-precision reference. The analysis PCA-3 of the baseline encoder (results/h2/meta.json) gives 5.429895% and rounds to the same printed value."
FIG1-03,Figure 1,"Figure 1, panel (b), x-axis label PC1 (share of variance)",7.0%,7.0,1,pct2,100,results,figures/figures_1_2.json,/figure1/explained_variance_ratio/0,,,,round,,"axis label of Figure 1, checked against the PCA of the figure itself (original vectors, script 08); no full-precision value of the published figure is archived, so there is no full-precision reference. The analysis PCA-3 of the baseline encoder (results/h2/meta.json) gives 7.001706% and rounds to the same printed value."
FIG1-04,Figure 1,"Figure 1, panel (b), y-axis label PC2 (share of variance)",5.4%,5.4,1,pct2,100,results,figures/figures_1_2.json,/figure1/explained_variance_ratio/1,,,,round,,"axis label of Figure 1, checked against the PCA of the figure itself (original vectors, script 08); no full-precision value of the published figure is archived, so there is no full-precision reference. The analysis PCA-3 of the baseline encoder (results/h2/meta.json) gives 5.429895% and rounds to the same printed value."
FIG3-01,Figure 3,"Figure 3, title: base year",2021,2021,0,int,1,results,h2/parallel_trends.json,/base_year,,,,round,2021,
FIG4-01,Figure 4,"Figure 4, title: number of neighbour words (Top-15)",15,15,0,int,1,param,,,,h3.top_n_compare,,round,15,"setting stated in the original manuscript, checked against its value in the package"
TAB5-001,Table 5,"Table 5, row PC1, column Wald chi-square",2.25,2.25,2,wald,1,results,h2/parallel_trends.json,/parallel_trends_test/PC1/UK/wald_stat,,,,round,2.2507773813556207,
TAB5-002,Table 5,"Table 5, row PC1, column df",7,7,0,df,1,results,h2/parallel_trends.json,/parallel_trends_test/PC1/UK/df,,,,round,7,
TAB5-003,Table 5,"Table 5, row PC1, column p value",0.945,0.945,3,p,1,results,h2/parallel_trends.json,/parallel_trends_test/PC1/UK/p_value,,,,round,0.9446673617279705,
TAB5-004,Table 5,"Table 5, row PC2, column Wald chi-square",13.29,13.29,2,wald,1,results,h2/parallel_trends.json,/parallel_trends_test/PC2/UK/wald_stat,,,,round,13.291140366334453,
TAB5-005,Table 5,"Table 5, row PC2, column df",7,7,0,df,1,results,h2/parallel_trends.json,/parallel_trends_test/PC2/UK/df,,,,round,7,
TAB5-006,Table 5,"Table 5, row PC2, column p value",0.065,0.065,3,p,1,results,h2/parallel_trends.json,/parallel_trends_test/PC2/UK/p_value,,,,round,0.0653246302278494,
TAB5-007,Table 5,"Table 5, row PC3, column Wald chi-square",12.25,12.25,2,wald,1,results,h2/parallel_trends.json,/parallel_trends_test/PC3/UK/wald_stat,,,,round,12.2544137350256,
TAB5-008,Table 5,"Table 5, row PC3, column df",7,7,0,df,1,results,h2/parallel_trends.json,/parallel_trends_test/PC3/UK/df,,,,round,7,
TAB5-009,Table 5,"Table 5, row PC3, column p value",0.092,0.092,3,p,1,results,h2/parallel_trends.json,/parallel_trends_test/PC3/UK/p_value,,,,round,0.09249667850584042,
TAB5-010,Table 5,"Table 5, note line 2, bootstrap replications","1,000",1000,0,N,1,results,h2/wcb.json,/n_bootstrap,,,,round,1000,
TAB5-011,Table 5,"Table 5, note line 3, event-study first year",2014,2014,0,int,1,results,h2/parallel_trends.json,/coefficients/PC1,min_year_key,,,round,2014,
TAB5-012,Table 5,"Table 5, note line 3, event-study last year",2024,2024,0,int,1,results,h2/parallel_trends.json,/coefficients/PC1,max_year_key,,,round,2024,
TAB5-013,Table 5,"Table 5, note line 3, number of pre-signing years",7,7,0,df,1,results,h2/parallel_trends.json,/parallel_trends_test/PC1/UK/df,,,,round,7,number of pre-signing event-study years
TAB5-014,Table 5,"Table 5, note line 4, base year",2021,2021,0,int,1,results,h2/parallel_trends.json,/base_year,,,,round,2021,
TAB5-015,Table 5,"Table 5, note line 5, base year",2021,2021,0,int,1,results,h2/parallel_trends.json,/base_year,,,,round,2021,
TAB6-001,Table 6,"Table 6, column header “2020系数”",2020,2020,0,int,1,param,,,,did_robustness.placebo_years.0,,round,2020,placebo cut year (analysis parameter)
TAB6-002,Table 6,"Table 6, column header “2020 p值”",2020,2020,0,int,1,param,,,,did_robustness.placebo_years.0,,round,2020,placebo cut year (analysis parameter)
TAB6-003,Table 6,"Table 6, column header “2021系数”",2021,2021,0,int,1,param,,,,did_robustness.placebo_years.1,,round,2021,placebo cut year (analysis parameter)
TAB6-004,Table 6,"Table 6, column header “2021 p值”",2021,2021,0,int,1,param,,,,did_robustness.placebo_years.1,,round,2021,placebo cut year (analysis parameter)
TAB6-005,Table 6,"Table 6, row PC1 UK, column coefficient (placebo cut 2020)",−0.0113,-0.0113,4,beta,1,results,h2/did.json,/model_4a_placebo_2020/PC1/UK_x_fake_post/coef,,,,round,-0.011298846008990133,
TAB6-006,Table 6,"Table 6, row PC1 UK, column p value (placebo cut 2020)",0.569,0.569,3,p,1,results,h2/did.json,/model_4a_placebo_2020/PC1/UK_x_fake_post/boot_p,,,,round,0.569,
TAB6-007,Table 6,"Table 6, row PC1 UK, column coefficient (placebo cut 2021)",0.0146,0.0146,4,beta,1,results,h2/did.json,/model_4b_placebo_2021/PC1/UK_x_fake_post/coef,,,,round,0.014616498814510402,
TAB6-008,Table 6,"Table 6, row PC1 UK, column p value (placebo cut 2021)",0.584,0.584,3,p,1,results,h2/did.json,/model_4b_placebo_2021/PC1/UK_x_fake_post/boot_p,,,,round,0.584,
TAB6-009,Table 6,"Table 6, row PC2 UK, column coefficient (placebo cut 2020)",0.0100,0.0100,4,beta,1,results,h2/did.json,/model_4a_placebo_2020/PC2/UK_x_fake_post/coef,,,,round,0.009994885698946139,
TAB6-010,Table 6,"Table 6, row PC2 UK, column p value (placebo cut 2020)",0.544,0.544,3,p,1,results,h2/did.json,/model_4a_placebo_2020/PC2/UK_x_fake_post/boot_p,,,,round,0.544,
TAB6-011,Table 6,"Table 6, row PC2 UK, column coefficient (placebo cut 2021)",0.0169,0.0169,4,beta,1,results,h2/did.json,/model_4b_placebo_2021/PC2/UK_x_fake_post/coef,,,,round,0.016866227978418302,
TAB6-012,Table 6,"Table 6, row PC2 UK, column p value (placebo cut 2021)",0.422,0.422,3,p,1,results,h2/did.json,/model_4b_placebo_2021/PC2/UK_x_fake_post/boot_p,,,,round,0.422,
TAB6-013,Table 6,"Table 6, row PC3 UK, column coefficient (placebo cut 2020)",−0.0646,-0.0646,4,beta,1,results,h2/did.json,/model_4a_placebo_2020/PC3/UK_x_fake_post/coef,,,,round,-0.06461148431841794,
TAB6-014,Table 6,"Table 6, row PC3 UK, column p value (placebo cut 2020)",<0.001,0.001,3,p,1,results,h2/did.json,/model_4a_placebo_2020/PC3/UK_x_fake_post/boot_p,,,,p_floor,0.0,
TAB6-015,Table 6,"Table 6, row PC3 UK, column coefficient (placebo cut 2021)",−0.0577,-0.0577,4,beta,1,results,h2/did.json,/model_4b_placebo_2021/PC3/UK_x_fake_post/coef,,,,round,-0.05772518785731711,
TAB6-016,Table 6,"Table 6, row PC3 UK, column p value (placebo cut 2021)",0.010,0.010,3,p,1,results,h2/did.json,/model_4b_placebo_2021/PC3/UK_x_fake_post/boot_p,,,,round,0.01,
TAB6-017,Table 6,"Table 6, note line 2, bootstrap replications","1,000",1000,0,N,1,results,h2/wcb.json,/n_bootstrap,,,,round,1000,
TAB7-001,Table 7,"Table 7, panel A, row own PCA first 88 components (main specification, from 2014), row label, number of components",88,88,0,int,1,results,h2/meta.json,/n_pc,,,,round,88,
TAB7-002,Table 7,"Table 7, panel A, row own PCA first 88 components (main specification, from 2014), row label, sample start",2014,2014,0,int,1,results,distance/deberta-v3-base.json,/params/first_month,month_code_year,,,round,2014,first month of the distance-analysis sample
TAB7-003,Table 7,"Table 7, panel A, row own PCA first 88 components (main specification, from 2014), column squared distance before signing, point estimate",0.02475,0.02475,5,sq,1,results,distance/summary.json,/rows/0/D2_pre,,,,round,0.02474714492912835,
TAB7-004,Table 7,"Table 7, panel A, row own PCA first 88 components (main specification, from 2014), column squared distance before signing, lower 95% bound",0.02167,0.02167,5,sq,1,results,distance/summary.json,/rows/0/D2_pre_interval_95/0,,,,round,0.021669175562863473,
TAB7-005,Table 7,"Table 7, panel A, row own PCA first 88 components (main specification, from 2014), column squared distance before signing, upper 95% bound",0.02780,0.02780,5,sq,1,results,distance/summary.json,/rows/0/D2_pre_interval_95/1,,,,round,0.027804886410069927,
TAB7-006,Table 7,"Table 7, panel A, row own PCA first 88 components (main specification, from 2014), column squared distance after signing, point estimate",0.02779,0.02779,5,sq,1,results,distance/summary.json,/rows/0/D2_post,,,,round,0.027785686292041256,
TAB7-007,Table 7,"Table 7, panel A, row own PCA first 88 components (main specification, from 2014), column squared distance after signing, lower 95% bound",0.02301,0.02301,5,sq,1,results,distance/summary.json,/rows/0/D2_post_interval_95/0,,,,round,0.02300522981661928,
TAB7-008,Table 7,"Table 7, panel A, row own PCA first 88 components (main specification, from 2014), column squared distance after signing, upper 95% bound",0.03207,0.03207,5,sq,1,results,distance/summary.json,/rows/0/D2_post_interval_95/1,,,,round,0.032069449232303815,
TAB7-009,Table 7,"Table 7, panel A, row own PCA first 88 components (main specification, from 2014), column change in squared distance",0.00304,0.00304,5,sq,1,results,distance/summary.json,/rows/0/delta_sq,,,,round,0.003038541362912907,
TAB7-010,Table 7,"Table 7, panel A, row own PCA first 88 components (main specification, from 2014), column 95% interval of the change, lower bound",−0.00263,-0.00263,5,sq,1,results,distance/summary.json,/rows/0/delta_sq_interval_95/0,,,,round,-0.002628676532757385,
TAB7-011,Table 7,"Table 7, panel A, row own PCA first 88 components (main specification, from 2014), column 95% interval of the change, upper bound",0.00827,0.00827,5,sq,1,results,distance/summary.json,/rows/0/delta_sq_interval_95/1,,,,round,0.008270681162445996,
TAB7-012,Table 7,"Table 7, panel A, row own PCA first 88 components (main specification, from 2014), column p value",0.264,0.264,3,p,1,results,distance/summary.json,/rows/0/p,,,,round,0.2638680659670165,
TAB7-013,Table 7,"Table 7, panel A, row full 768-dimensional space (from 2014), row label, dimension",768,768,0,int,1,bundle,encodings/deberta-v3-base/targets_U.npy,,npy_width,,,round,768,width of the baseline encoder's hidden states in the encodings of the data bundle
TAB7-014,Table 7,"Table 7, panel A, row full 768-dimensional space (from 2014), row label, sample start",2014,2014,0,int,1,results,distance/deberta-v3-base.json,/params/first_month,month_code_year,,,round,2014,first month of the distance-analysis sample
TAB7-015,Table 7,"Table 7, panel A, row full 768-dimensional space (from 2014), column squared distance before signing, point estimate",0.02489,0.02489,5,sq,1,results,distance/summary.json,/rows/4/D2_pre,,,,round,0.024894394387508588,
TAB7-016,Table 7,"Table 7, panel A, row full 768-dimensional space (from 2014), column squared distance before signing, lower 95% bound",0.02181,0.02181,5,sq,1,results,distance/summary.json,/rows/4/D2_pre_interval_95/0,,,,round,0.021814795398859374,
TAB7-017,Table 7,"Table 7, panel A, row full 768-dimensional space (from 2014), column squared distance before signing, upper 95% bound",0.02795,0.02795,5,sq,1,results,distance/summary.json,/rows/4/D2_pre_interval_95/1,,,,round,0.027948217149544208,
TAB7-018,Table 7,"Table 7, panel A, row full 768-dimensional space (from 2014), column squared distance after signing, point estimate",0.02790,0.02790,5,sq,1,results,distance/summary.json,/rows/4/D2_post,,,,round,0.027902135977905064,
TAB7-019,Table 7,"Table 7, panel A, row full 768-dimensional space (from 2014), column squared distance after signing, lower 95% bound",0.02311,0.02311,5,sq,1,results,distance/summary.json,/rows/4/D2_post_interval_95/0,,,,round,0.02310719736286577,
TAB7-020,Table 7,"Table 7, panel A, row full 768-dimensional space (from 2014), column squared distance after signing, upper 95% bound",0.03219,0.03219,5,sq,1,results,distance/summary.json,/rows/4/D2_post_interval_95/1,,,,round,0.03218780710811337,
TAB7-021,Table 7,"Table 7, panel A, row full 768-dimensional space (from 2014), column change in squared distance",0.00301,0.00301,5,sq,1,results,distance/summary.json,/rows/4/delta_sq,,,,round,0.003007741590396476,
TAB7-022,Table 7,"Table 7, panel A, row full 768-dimensional space (from 2014), column 95% interval of the change, lower bound",−0.00266,-0.00266,5,sq,1,results,distance/summary.json,/rows/4/delta_sq_interval_95/0,,,,round,-0.0026595558020466167,
TAB7-023,Table 7,"Table 7, panel A, row full 768-dimensional space (from 2014), column 95% interval of the change, upper bound",0.00823,0.00823,5,sq,1,results,distance/summary.json,/rows/4/delta_sq_interval_95/1,,,,round,0.00823027566798428,
TAB7-024,Table 7,"Table 7, panel A, row full 768-dimensional space (from 2014), column p value",0.268,0.268,3,p,1,results,distance/summary.json,/rows/4/p,,,,round,0.2683658170914543,
TAB7-025,Table 7,"Table 7, panel A, row full sample (768 dimensions), row label, dimension",768,768,0,int,1,bundle,encodings/deberta-v3-base/targets_U.npy,,npy_width,,,round,768,width of the baseline encoder's hidden states in the encodings of the data bundle
TAB7-026,Table 7,"Table 7, panel A, row full sample (768 dimensions), column squared distance before signing, point estimate",0.02189,0.02189,5,sq,1,results,distance/summary.json,/v1_sample/US_UK/pre/D2,,,,round,0.021887432515576552,
TAB7-027,Table 7,"Table 7, panel A, row full sample (768 dimensions), column squared distance before signing, lower 95% bound",0.01973,0.01973,5,sq,1,results,distance/summary.json,/v1_sample/US_UK/pre/D2_interval_95/0,,,,round,0.019731693528242653,
TAB7-028,Table 7,"Table 7, panel A, row full sample (768 dimensions), column squared distance before signing, upper 95% bound",0.02380,0.02380,5,sq,1,results,distance/summary.json,/v1_sample/US_UK/pre/D2_interval_95/1,,,,round,0.023799447423457753,
TAB7-029,Table 7,"Table 7, panel A, row full sample (768 dimensions), column squared distance after signing, point estimate",0.02790,0.02790,5,sq,1,results,distance/summary.json,/v1_sample/US_UK/post/D2,,,,round,0.027902135977905064,
TAB7-030,Table 7,"Table 7, panel A, row full sample (768 dimensions), column squared distance after signing, lower 95% bound",0.02353,0.02353,5,sq,1,results,distance/summary.json,/v1_sample/US_UK/post/D2_interval_95/0,,,,round,0.023526286857597438,
TAB7-031,Table 7,"Table 7, panel A, row full sample (768 dimensions), column squared distance after signing, upper 95% bound",0.03230,0.03230,5,sq,1,results,distance/summary.json,/v1_sample/US_UK/post/D2_interval_95/1,,,,round,0.0322976650326336,
TAB7-032,Table 7,"Table 7, panel A, row full sample (768 dimensions), column change in squared distance",0.00601,0.00601,5,sq,1,results,distance/summary.json,/v1_sample/US_UK/delta_sq/estimate,,,,round,0.006014703462328512,
TAB7-033,Table 7,"Table 7, panel A, row full sample (768 dimensions), column 95% interval of the change, lower bound",0.00112,0.00112,5,sq,1,results,distance/summary.json,/v1_sample/US_UK/delta_sq/interval_95/0,,,,round,0.0011237277870720106,
TAB7-034,Table 7,"Table 7, panel A, row full sample (768 dimensions), column 95% interval of the change, upper bound",0.01084,0.01084,5,sq,1,results,distance/summary.json,/v1_sample/US_UK/delta_sq/interval_95/1,,,,round,0.010838097402846743,
TAB7-035,Table 7,"Table 7, panel A, row full sample (768 dimensions), column p value",0.013,0.013,3,p,1,results,distance/summary.json,/v1_sample/US_UK/delta_sq/p,,,,round,0.013493253373313344,
TAB7-036,Table 7,"Table 7, panel B heading, number of components",88,88,0,int,1,results,h2/meta.json,/n_pc,,,,round,88,
TAB7-037,Table 7,"Table 7, panel B heading, sample start",2014,2014,0,int,1,results,distance/deberta-v3-base.json,/params/first_month,month_code_year,,,round,2014,first month of the distance-analysis sample
TAB7-038,Table 7,"Table 7, panel B, row ModernBERT-large, column squared distance before signing, point estimate",0.02734,0.02734,5,sq,1,results,distance/summary.json,/rows/5/D2_pre,,,,round,0.027342543449124384,
TAB7-039,Table 7,"Table 7, panel B, row ModernBERT-large, column squared distance before signing, lower 95% bound",0.02233,0.02233,5,sq,1,results,distance/summary.json,/rows/5/D2_pre_interval_95/0,,,,round,0.022327379029057827,
TAB7-040,Table 7,"Table 7, panel B, row ModernBERT-large, column squared distance before signing, upper 95% bound",0.03206,0.03206,5,sq,1,results,distance/summary.json,/rows/5/D2_pre_interval_95/1,,,,round,0.03206374649280671,
TAB7-041,Table 7,"Table 7, panel B, row ModernBERT-large, column squared distance after signing, point estimate",0.03156,0.03156,5,sq,1,results,distance/summary.json,/rows/5/D2_post,,,,round,0.03155904408101537,
TAB7-042,Table 7,"Table 7, panel B, row ModernBERT-large, column squared distance after signing, lower 95% bound",0.02239,0.02239,5,sq,1,results,distance/summary.json,/rows/5/D2_post_interval_95/0,,,,round,0.022388144769382844,
TAB7-043,Table 7,"Table 7, panel B, row ModernBERT-large, column squared distance after signing, upper 95% bound",0.03913,0.03913,5,sq,1,results,distance/summary.json,/rows/5/D2_post_interval_95/1,,,,round,0.03912689475479287,
TAB7-044,Table 7,"Table 7, panel B, row ModernBERT-large, column change in squared distance",0.00422,0.00422,5,sq,1,results,distance/summary.json,/rows/5/delta_sq,,,,round,0.0042165006318909855,
TAB7-045,Table 7,"Table 7, panel B, row ModernBERT-large, column 95% interval of the change, lower bound",−0.00589,-0.00589,5,sq,1,results,distance/summary.json,/rows/5/delta_sq_interval_95/0,,,,round,-0.005887890522933528,
TAB7-046,Table 7,"Table 7, panel B, row ModernBERT-large, column 95% interval of the change, upper bound",0.01343,0.01343,5,sq,1,results,distance/summary.json,/rows/5/delta_sq_interval_95/1,,,,round,0.013431258835041116,
TAB7-047,Table 7,"Table 7, panel B, row ModernBERT-large, column p value",0.398,0.398,3,p,1,results,distance/summary.json,/rows/5/p,,,,round,0.39780109945027486,
TAB7-048,Table 7,"Table 7, panel B, row RoBERTa-large, column squared distance before signing, point estimate",0.02399,0.02399,5,sq,1,results,distance/summary.json,/rows/6/D2_pre,,,,round,0.02398721432234763,
TAB7-049,Table 7,"Table 7, panel B, row RoBERTa-large, column squared distance before signing, lower 95% bound",0.01991,0.01991,5,sq,1,results,distance/summary.json,/rows/6/D2_pre_interval_95/0,,,,round,0.019910063884941834,
TAB7-050,Table 7,"Table 7, panel B, row RoBERTa-large, column squared distance before signing, upper 95% bound",0.02788,0.02788,5,sq,1,results,distance/summary.json,/rows/6/D2_pre_interval_95/1,,,,round,0.027881565423804582,
TAB7-051,Table 7,"Table 7, panel B, row RoBERTa-large, column squared distance after signing, point estimate",0.03164,0.03164,5,sq,1,results,distance/summary.json,/rows/6/D2_post,,,,round,0.03164438977204405,
TAB7-052,Table 7,"Table 7, panel B, row RoBERTa-large, column squared distance after signing, lower 95% bound",0.02181,0.02181,5,sq,1,results,distance/summary.json,/rows/6/D2_post_interval_95/0,,,,round,0.02181137576569378,
TAB7-053,Table 7,"Table 7, panel B, row RoBERTa-large, column squared distance after signing, upper 95% bound",0.03953,0.03953,5,sq,1,results,distance/summary.json,/rows/6/D2_post_interval_95/1,,,,round,0.03953443886254643,
TAB7-054,Table 7,"Table 7, panel B, row RoBERTa-large, column change in squared distance",0.00766,0.00766,5,sq,1,results,distance/summary.json,/rows/6/delta_sq,,,,round,0.007657175449696418,
TAB7-055,Table 7,"Table 7, panel B, row RoBERTa-large, column 95% interval of the change, lower bound",−0.00253,-0.00253,5,sq,1,results,distance/summary.json,/rows/6/delta_sq_interval_95/0,,,,round,-0.0025260896884386885,
TAB7-056,Table 7,"Table 7, panel B, row RoBERTa-large, column 95% interval of the change, upper bound",0.01678,0.01678,5,sq,1,results,distance/summary.json,/rows/6/delta_sq_interval_95/1,,,,round,0.01677695076357607,
TAB7-057,Table 7,"Table 7, panel B, row RoBERTa-large, column p value",0.119,0.119,3,p,1,results,distance/summary.json,/rows/6/p,,,,round,0.11894052973513243,
TAB7-058,Table 7,"Table 7, panel B, row Ettin-encoder-1b, column squared distance before signing, point estimate",0.02560,0.02560,5,sq,1,results,distance/summary.json,/rows/7/D2_pre,,,,round,0.025598418827381487,
TAB7-059,Table 7,"Table 7, panel B, row Ettin-encoder-1b, column squared distance before signing, lower 95% bound",0.02110,0.02110,5,sq,1,results,distance/summary.json,/rows/7/D2_pre_interval_95/0,,,,round,0.021100467586094865,
TAB7-060,Table 7,"Table 7, panel B, row Ettin-encoder-1b, column squared distance before signing, upper 95% bound",0.02968,0.02968,5,sq,1,results,distance/summary.json,/rows/7/D2_pre_interval_95/1,,,,round,0.02968499539303065,
TAB7-061,Table 7,"Table 7, panel B, row Ettin-encoder-1b, column squared distance after signing, point estimate",0.03405,0.03405,5,sq,1,results,distance/summary.json,/rows/7/D2_post,,,,round,0.034048674986809344,
TAB7-062,Table 7,"Table 7, panel B, row Ettin-encoder-1b, column squared distance after signing, lower 95% bound",0.02320,0.02320,5,sq,1,results,distance/summary.json,/rows/7/D2_post_interval_95/0,,,,round,0.023198251705046094,
TAB7-063,Table 7,"Table 7, panel B, row Ettin-encoder-1b, column squared distance after signing, upper 95% bound",0.04317,0.04317,5,sq,1,results,distance/summary.json,/rows/7/D2_post_interval_95/1,,,,round,0.04317060211081891,
TAB7-064,Table 7,"Table 7, panel B, row Ettin-encoder-1b, column change in squared distance",0.00845,0.00845,5,sq,1,results,distance/summary.json,/rows/7/delta_sq,,,,round,0.008450256159427856,
TAB7-065,Table 7,"Table 7, panel B, row Ettin-encoder-1b, column 95% interval of the change, lower bound",−0.00300,-0.00300,5,sq,1,results,distance/summary.json,/rows/7/delta_sq_interval_95/0,,,,round,-0.002997637944810663,
TAB7-066,Table 7,"Table 7, panel B, row Ettin-encoder-1b, column 95% interval of the change, upper bound",0.01875,0.01875,5,sq,1,results,distance/summary.json,/rows/7/delta_sq_interval_95/1,,,,round,0.018752136257918585,
TAB7-067,Table 7,"Table 7, panel B, row Ettin-encoder-1b, column p value",0.124,0.124,3,p,1,results,distance/summary.json,/rows/7/p,,,,round,0.12443778110944528,
TAB7-068,Table 7,"Table 7, panel B, row DeBERTa-v2-xlarge, column squared distance before signing, point estimate",0.02861,0.02861,5,sq,1,results,distance/summary.json,/rows/8/D2_pre,,,,round,0.02860682281806962,
TAB7-069,Table 7,"Table 7, panel B, row DeBERTa-v2-xlarge, column squared distance before signing, lower 95% bound",0.02326,0.02326,5,sq,1,results,distance/summary.json,/rows/8/D2_pre_interval_95/0,,,,round,0.02325558527574173,
TAB7-070,Table 7,"Table 7, panel B, row DeBERTa-v2-xlarge, column squared distance before signing, upper 95% bound",0.03343,0.03343,5,sq,1,results,distance/summary.json,/rows/8/D2_pre_interval_95/1,,,,round,0.03343097555209272,
TAB7-071,Table 7,"Table 7, panel B, row DeBERTa-v2-xlarge, column squared distance after signing, point estimate",0.03881,0.03881,5,sq,1,results,distance/summary.json,/rows/8/D2_post,,,,round,0.03880763073888232,
TAB7-072,Table 7,"Table 7, panel B, row DeBERTa-v2-xlarge, column squared distance after signing, lower 95% bound",0.02755,0.02755,5,sq,1,results,distance/summary.json,/rows/8/D2_post_interval_95/0,,,,round,0.02754630862370494,
TAB7-073,Table 7,"Table 7, panel B, row DeBERTa-v2-xlarge, column squared distance after signing, upper 95% bound",0.04848,0.04848,5,sq,1,results,distance/summary.json,/rows/8/D2_post_interval_95/1,,,,round,0.0484788854633996,
TAB7-074,Table 7,"Table 7, panel B, row DeBERTa-v2-xlarge, column change in squared distance",0.01020,0.01020,5,sq,1,results,distance/summary.json,/rows/8/delta_sq,,,,round,0.0102008079208127,
TAB7-075,Table 7,"Table 7, panel B, row DeBERTa-v2-xlarge, column 95% interval of the change, lower bound",−0.00210,-0.00210,5,sq,1,results,distance/summary.json,/rows/8/delta_sq_interval_95/0,,,,round,-0.002101168867732395,
TAB7-076,Table 7,"Table 7, panel B, row DeBERTa-v2-xlarge, column 95% interval of the change, upper bound",0.02138,0.02138,5,sq,1,results,distance/summary.json,/rows/8/delta_sq_interval_95/1,,,,round,0.021375762550794916,
TAB7-077,Table 7,"Table 7, panel B, row DeBERTa-v2-xlarge, column p value",0.088,0.088,3,p,1,results,distance/summary.json,/rows/8/p,,,,round,0.08845577211394302,
TAB7-078,Table 7,"Table 7, note line 2, bootstrap replications","2,000",2000,0,N,1,results,distance/deberta-v3-base.json,/bootstrap/B,,,,round,2000,
TAB7-079,Table 7,"Table 7, note line 2, random seed",20260929,20260929,0,int,1,results,distance/deberta-v3-base.json,/bootstrap/seed,,,,round,20260929,
TAB7-080,Table 7,"Table 7, note line 4, full sample, UK first month",2004.11,2004-11,,ym,1,results,distance/summary.json,/v1_sample/sample/first_month/UK,month_code_ym,,,text,2004-11,
TAB7-081,Table 7,"Table 7, note line 4, full sample, US first month",2014.07,2014-07,,ym,1,results,distance/summary.json,/v1_sample/sample/first_month/US,month_code_ym,,,text,2014-07,
TAB7-082,Table 7,"Table 7, note line 4, other rows, first month",2014.01,2014-01,,ym,1,results,distance/deberta-v3-base.json,/params/first_month,month_code_ym,,,text,2014-01,
TAB7-083,Table 7,"Table 7, note line 4, other rows, last month",2025.11,2025-11,,ym,1,results,distance/deberta-v3-base.json,/params/last_month,month_code_ym,,,text,2025-11,
TAB7-084,Table 7,"Table 7, note line 4, first post-signing month",2021.09,2021-09,,ym,1,results,distance/deberta-v3-base.json,/params/cutoff_month,month_code_ym,,,text,2021-09,
TAB8-001,Table 8,"Table 8, row baseline encoder (common-support sample), column |cos|",1.000,1.000,3,cos,1,results,cross_encoder/cross_encoder.json,/reporting/e0_common_support_baseline/orientation/cos_pc1,,,,round,0.9999917031551468,
TAB8-002,Table 8,"Table 8, row baseline encoder (common-support sample), reference axes, column beta [95% interval], point estimate",0.0334,0.0334,4,beta,1,results,cross_encoder/cross_encoder.json,/reporting/e0_common_support_baseline/same_axis_PC1/effect_consistency/coef,,,,round,0.03336623626676166,
TAB8-003,Table 8,"Table 8, row baseline encoder (common-support sample), reference axes, column beta [95% interval], lower 95% bound",0.0074,0.0074,4,beta,1,results,cross_encoder/cross_encoder.json,/reporting/e0_common_support_baseline/same_axis_PC1/effect_consistency/interval_95/0,,,,round,0.007364360315624034,
TAB8-004,Table 8,"Table 8, row baseline encoder (common-support sample), reference axes, column beta [95% interval], upper 95% bound",0.0594,0.0594,4,beta,1,results,cross_encoder/cross_encoder.json,/reporting/e0_common_support_baseline/same_axis_PC1/effect_consistency/interval_95/1,,,,round,0.05936811221789929,
TAB8-005,Table 8,"Table 8, row baseline encoder (common-support sample), reference axes, column p value (Holm p), p value",0.010,0.010,3,p,1,results,cross_encoder/cross_encoder.json,/reporting/e0_common_support_baseline/same_axis_PC1/primary/p,,,,round,0.01,
TAB8-006,Table 8,"Table 8, row baseline encoder (common-support sample), own components, column beta [95% interval], point estimate",0.0332,0.0332,4,beta,1,results,cross_encoder/cross_encoder.json,/reporting/e0_common_support_baseline/same_procedure_PC1/effect_consistency/coef,,,,round,0.033231314709327206,
TAB8-007,Table 8,"Table 8, row baseline encoder (common-support sample), own components, column beta [95% interval], lower 95% bound",0.0072,0.0072,4,beta,1,results,cross_encoder/cross_encoder.json,/reporting/e0_common_support_baseline/same_procedure_PC1/effect_consistency/interval_95/0,,,,round,0.007233270558935068,
TAB8-008,Table 8,"Table 8, row baseline encoder (common-support sample), own components, column beta [95% interval], upper 95% bound",0.0592,0.0592,4,beta,1,results,cross_encoder/cross_encoder.json,/reporting/e0_common_support_baseline/same_procedure_PC1/effect_consistency/interval_95/1,,,,round,0.05922935885971935,
TAB8-009,Table 8,"Table 8, row baseline encoder (common-support sample), own components, column p value (Holm p), p value",0.012,0.012,3,p,1,results,cross_encoder/cross_encoder.json,/reporting/e0_common_support_baseline/same_procedure_PC1/primary/p,,,,round,0.012,
TAB8-010,Table 8,"Table 8, row ModernBERT-large, column |cos|",0.021,0.021,3,cos,1,results,cross_encoder/cross_encoder.json,/rows/ModernBERT-large/orientation/abs_cos_pc1,,,,round,0.020542548376716183,
TAB8-011,Table 8,"Table 8, row ModernBERT-large, reference axes, column beta [95% interval], point estimate",0.0434,0.0434,4,beta,1,results,cross_encoder/cross_encoder.json,/reporting/effect_consistency/same_axis/ModernBERT-large/coef,,,,round,0.04337912337514919,
TAB8-012,Table 8,"Table 8, row ModernBERT-large, reference axes, column beta [95% interval], lower 95% bound",0.0142,0.0142,4,beta,1,results,cross_encoder/cross_encoder.json,/reporting/effect_consistency/same_axis/ModernBERT-large/interval_95/0,,,,round,0.014240494597883718,
TAB8-013,Table 8,"Table 8, row ModernBERT-large, reference axes, column beta [95% interval], upper 95% bound",0.0725,0.0725,4,beta,1,results,cross_encoder/cross_encoder.json,/reporting/effect_consistency/same_axis/ModernBERT-large/interval_95/1,,,,round,0.07251775215241466,
TAB8-014,Table 8,"Table 8, row ModernBERT-large, reference axes, column p value (Holm p), p value",<0.001,0.001,3,p,1,results,cross_encoder/cross_encoder.json,"/families/same_axis (PC1, Holm over 4)/raw/ModernBERT-large",,,,p_floor,0.0,
TAB8-015,Table 8,"Table 8, row ModernBERT-large, reference axes, column p value (Holm p), Holm-adjusted p value",<0.001,0.001,3,p,1,results,cross_encoder/cross_encoder.json,"/families/same_axis (PC1, Holm over 4)/holm/ModernBERT-large",,,,p_floor,0.0,
TAB8-016,Table 8,"Table 8, row ModernBERT-large, own components, column beta [95% interval], point estimate",−0.0063,-0.0063,4,beta,1,results,cross_encoder/cross_encoder.json,/reporting/effect_consistency/same_procedure/ModernBERT-large/coef,,,,round,-0.006254021151044311,
TAB8-017,Table 8,"Table 8, row ModernBERT-large, own components, column beta [95% interval], lower 95% bound",−0.0450,-0.0450,4,beta,1,results,cross_encoder/cross_encoder.json,/reporting/effect_consistency/same_procedure/ModernBERT-large/interval_95/0,,,,round,-0.04500469991124188,
TAB8-018,Table 8,"Table 8, row ModernBERT-large, own components, column beta [95% interval], upper 95% bound",0.0325,0.0325,4,beta,1,results,cross_encoder/cross_encoder.json,/reporting/effect_consistency/same_procedure/ModernBERT-large/interval_95/1,,,,round,0.03249665760915327,
TAB8-019,Table 8,"Table 8, row ModernBERT-large, own components, column p value (Holm p), p value",0.737,0.737,3,p,1,results,cross_encoder/cross_encoder.json,"/families/same_procedure (PC1, Holm over 4)/raw/ModernBERT-large",,,,round,0.737,
TAB8-020,Table 8,"Table 8, row ModernBERT-large, own components, column p value (Holm p), Holm-adjusted p value",0.737,0.737,3,p,1,results,cross_encoder/cross_encoder.json,"/families/same_procedure (PC1, Holm over 4)/holm/ModernBERT-large",,,,round,0.737,
TAB8-021,Table 8,"Table 8, row ModernBERT-large, own components, column verdict, direction threshold",<0.30,0.30,2,cos,1,param,,,,orientation.primary_threshold,,threshold,0.3,orientation threshold (analysis parameter)
TAB8-022,Table 8,"Table 8, row RoBERTa-large, column |cos|",0.367,0.367,3,cos,1,results,cross_encoder/cross_encoder.json,/rows/roberta-large/orientation/abs_cos_pc1,,,,round,0.36696678893797835,
TAB8-023,Table 8,"Table 8, row RoBERTa-large, reference axes, column beta [95% interval], point estimate",0.0505,0.0505,4,beta,1,results,cross_encoder/cross_encoder.json,/reporting/effect_consistency/same_axis/roberta-large/coef,,,,round,0.0505366319360225,
TAB8-024,Table 8,"Table 8, row RoBERTa-large, reference axes, column beta [95% interval], lower 95% bound",0.0225,0.0225,4,beta,1,results,cross_encoder/cross_encoder.json,/reporting/effect_consistency/same_axis/roberta-large/interval_95/0,,,,round,0.022537386083862253,
TAB8-025,Table 8,"Table 8, row RoBERTa-large, reference axes, column beta [95% interval], upper 95% bound",0.0785,0.0785,4,beta,1,results,cross_encoder/cross_encoder.json,/reporting/effect_consistency/same_axis/roberta-large/interval_95/1,,,,round,0.07853587778818275,
TAB8-026,Table 8,"Table 8, row RoBERTa-large, reference axes, column p value (Holm p), p value",<0.001,0.001,3,p,1,results,cross_encoder/cross_encoder.json,"/families/same_axis (PC1, Holm over 4)/raw/roberta-large",,,,p_floor,0.0,
TAB8-027,Table 8,"Table 8, row RoBERTa-large, reference axes, column p value (Holm p), Holm-adjusted p value",<0.001,0.001,3,p,1,results,cross_encoder/cross_encoder.json,"/families/same_axis (PC1, Holm over 4)/holm/roberta-large",,,,p_floor,0.0,
TAB8-028,Table 8,"Table 8, row RoBERTa-large, own components, column beta [95% interval], point estimate",0.0361,0.0361,4,beta,1,results,cross_encoder/cross_encoder.json,/reporting/effect_consistency/same_procedure/roberta-large/coef,,,,round,0.036053372833096425,
TAB8-029,Table 8,"Table 8, row RoBERTa-large, own components, column beta [95% interval], lower 95% bound",−0.0014,-0.0014,4,beta,1,results,cross_encoder/cross_encoder.json,/reporting/effect_consistency/same_procedure/roberta-large/interval_95/0,,,,round,-0.0013870906303070918,
TAB8-030,Table 8,"Table 8, row RoBERTa-large, own components, column beta [95% interval], upper 95% bound",0.0735,0.0735,4,beta,1,results,cross_encoder/cross_encoder.json,/reporting/effect_consistency/same_procedure/roberta-large/interval_95/1,,,,round,0.07349383629649994,
TAB8-031,Table 8,"Table 8, row RoBERTa-large, own components, column p value (Holm p), p value",0.064,0.064,3,p,1,results,cross_encoder/cross_encoder.json,"/families/same_procedure (PC1, Holm over 4)/raw/roberta-large",,,,round,0.064,
TAB8-032,Table 8,"Table 8, row RoBERTa-large, own components, column p value (Holm p), Holm-adjusted p value",0.128,0.128,3,p,1,results,cross_encoder/cross_encoder.json,"/families/same_procedure (PC1, Holm over 4)/holm/roberta-large",,,,round,0.128,
TAB8-033,Table 8,"Table 8, row Ettin-encoder-1b, column |cos|",0.457,0.457,3,cos,1,results,cross_encoder/cross_encoder.json,/rows/ettin-encoder-1b/orientation/abs_cos_pc1,,,,round,0.4568723941554113,
TAB8-034,Table 8,"Table 8, row Ettin-encoder-1b, reference axes, column beta [95% interval], point estimate",0.0674,0.0674,4,beta,1,results,cross_encoder/cross_encoder.json,/reporting/effect_consistency/same_axis/ettin-encoder-1b/coef,,,,round,0.06736321838851093,
TAB8-035,Table 8,"Table 8, row Ettin-encoder-1b, reference axes, column beta [95% interval], lower 95% bound",0.0380,0.0380,4,beta,1,results,cross_encoder/cross_encoder.json,/reporting/effect_consistency/same_axis/ettin-encoder-1b/interval_95/0,,,,round,0.03797323007582391,
TAB8-036,Table 8,"Table 8, row Ettin-encoder-1b, reference axes, column beta [95% interval], upper 95% bound",0.0968,0.0968,4,beta,1,results,cross_encoder/cross_encoder.json,/reporting/effect_consistency/same_axis/ettin-encoder-1b/interval_95/1,,,,round,0.09675320670119796,
TAB8-037,Table 8,"Table 8, row Ettin-encoder-1b, reference axes, column p value (Holm p), p value",<0.001,0.001,3,p,1,results,cross_encoder/cross_encoder.json,"/families/same_axis (PC1, Holm over 4)/raw/ettin-encoder-1b",,,,p_floor,0.0,
TAB8-038,Table 8,"Table 8, row Ettin-encoder-1b, reference axes, column p value (Holm p), Holm-adjusted p value",<0.001,0.001,3,p,1,results,cross_encoder/cross_encoder.json,"/families/same_axis (PC1, Holm over 4)/holm/ettin-encoder-1b",,,,p_floor,0.0,
TAB8-039,Table 8,"Table 8, row Ettin-encoder-1b, own components, column beta [95% interval], point estimate",0.1021,0.1021,4,beta,1,results,cross_encoder/cross_encoder.json,/reporting/effect_consistency/same_procedure/ettin-encoder-1b/coef,,,,round,0.102145924280279,
TAB8-040,Table 8,"Table 8, row Ettin-encoder-1b, own components, column beta [95% interval], lower 95% bound",0.0634,0.0634,4,beta,1,results,cross_encoder/cross_encoder.json,/reporting/effect_consistency/same_procedure/ettin-encoder-1b/interval_95/0,,,,round,0.06342901111835461,
TAB8-041,Table 8,"Table 8, row Ettin-encoder-1b, own components, column beta [95% interval], upper 95% bound",0.1409,0.1409,4,beta,1,results,cross_encoder/cross_encoder.json,/reporting/effect_consistency/same_procedure/ettin-encoder-1b/interval_95/1,,,,round,0.14086283744220338,
TAB8-042,Table 8,"Table 8, row Ettin-encoder-1b, own components, column p value (Holm p), p value",<0.001,0.001,3,p,1,results,cross_encoder/cross_encoder.json,"/families/same_procedure (PC1, Holm over 4)/raw/ettin-encoder-1b",,,,p_floor,0.0,
TAB8-043,Table 8,"Table 8, row Ettin-encoder-1b, own components, column p value (Holm p), Holm-adjusted p value",<0.001,0.001,3,p,1,results,cross_encoder/cross_encoder.json,"/families/same_procedure (PC1, Holm over 4)/holm/ettin-encoder-1b",,,,p_floor,0.0,
TAB8-044,Table 8,"Table 8, row DeBERTa-v2-xlarge, column |cos|",0.234,0.234,3,cos,1,results,cross_encoder/cross_encoder.json,/rows/deberta-v2-xlarge/orientation/abs_cos_pc1,,,,round,0.23369732525513778,
TAB8-045,Table 8,"Table 8, row DeBERTa-v2-xlarge, reference axes, column beta [95% interval], point estimate",0.0537,0.0537,4,beta,1,results,cross_encoder/cross_encoder.json,/reporting/effect_consistency/same_axis/deberta-v2-xlarge/coef,,,,round,0.053739780299867354,
TAB8-046,Table 8,"Table 8, row DeBERTa-v2-xlarge, reference axes, column beta [95% interval], lower 95% bound",0.0259,0.0259,4,beta,1,results,cross_encoder/cross_encoder.json,/reporting/effect_consistency/same_axis/deberta-v2-xlarge/interval_95/0,,,,round,0.025857604773587707,
TAB8-047,Table 8,"Table 8, row DeBERTa-v2-xlarge, reference axes, column beta [95% interval], upper 95% bound",0.0816,0.0816,4,beta,1,results,cross_encoder/cross_encoder.json,/reporting/effect_consistency/same_axis/deberta-v2-xlarge/interval_95/1,,,,round,0.08162195582614701,
TAB8-048,Table 8,"Table 8, row DeBERTa-v2-xlarge, reference axes, column p value (Holm p), p value",<0.001,0.001,3,p,1,results,cross_encoder/cross_encoder.json,"/families/same_axis (PC1, Holm over 4)/raw/deberta-v2-xlarge",,,,p_floor,0.0,
TAB8-049,Table 8,"Table 8, row DeBERTa-v2-xlarge, reference axes, column p value (Holm p), Holm-adjusted p value",<0.001,0.001,3,p,1,results,cross_encoder/cross_encoder.json,"/families/same_axis (PC1, Holm over 4)/holm/deberta-v2-xlarge",,,,p_floor,0.0,
TAB8-050,Table 8,"Table 8, row DeBERTa-v2-xlarge, own components, column beta [95% interval], point estimate",0.0556,0.0556,4,beta,1,results,cross_encoder/cross_encoder.json,/reporting/effect_consistency/same_procedure/deberta-v2-xlarge/coef,,,,round,0.055564885923616705,
TAB8-051,Table 8,"Table 8, row DeBERTa-v2-xlarge, own components, column beta [95% interval], lower 95% bound",0.0168,0.0168,4,beta,1,results,cross_encoder/cross_encoder.json,/reporting/effect_consistency/same_procedure/deberta-v2-xlarge/interval_95/0,,,,round,0.01681983477284766,
TAB8-052,Table 8,"Table 8, row DeBERTa-v2-xlarge, own components, column beta [95% interval], upper 95% bound",0.0943,0.0943,4,beta,1,results,cross_encoder/cross_encoder.json,/reporting/effect_consistency/same_procedure/deberta-v2-xlarge/interval_95/1,,,,round,0.09430993707438576,
TAB8-053,Table 8,"Table 8, row DeBERTa-v2-xlarge, own components, column p value (Holm p), p value",0.008,0.008,3,p,1,results,cross_encoder/cross_encoder.json,"/families/same_procedure (PC1, Holm over 4)/raw/deberta-v2-xlarge",,,,round,0.008,
TAB8-054,Table 8,"Table 8, row DeBERTa-v2-xlarge, own components, column p value (Holm p), Holm-adjusted p value",0.024,0.024,3,p,1,results,cross_encoder/cross_encoder.json,"/families/same_procedure (PC1, Holm over 4)/holm/deberta-v2-xlarge",,,,round,0.024,
TAB8-055,Table 8,"Table 8, row DeBERTa-v2-xlarge, own components, column verdict, direction threshold",<0.30,0.30,2,cos,1,param,,,,orientation.primary_threshold,,threshold,0.3,orientation threshold (analysis parameter)
TAB8-056,Table 8,"Table 8, note line 1, number of common-support rows","37,808",37808,0,N,1,results,cross_encoder/cross_encoder.json,/reporting/e0_common_support_baseline/rows,,,,round,37808,
TAB8-057,Table 8,"Table 8, note line 2, bootstrap replications","1,000",1000,0,N,1,results,cross_encoder/cross_encoder.json,/reporting/rule/mc_B,,,,round,1000,
TAB8-058,Table 8,"Table 8, note line 5, direction threshold",<0.30,0.30,2,cos,1,param,,,,orientation.primary_threshold,,threshold,0.3,orientation threshold (analysis parameter)
TAB8-059,Table 8,"Table 8, note line 6, baseline estimate",0.0333,0.0333,4,beta,1,bundle,original_outputs/wild_cluster_bootstrap_results.json,/comparison/PC1/UK_x_post/coef,,,,round,0.033255226248305056,"the original manuscript's Table 4 PC1 UK x Post coefficient (original results file of the data bundle, full precision)"
TAB9-001,Table 9,"Table 9, panel A, row Singapore theta, column estimate",0.0387,0.0387,4,beta,1,results,external/deberta-v3-base/estimate/summary.json,/rows/0/estimate,,,,round,0.03868374098963326,
TAB9-002,Table 9,"Table 9, panel A, row Singapore theta, column 95% interval, lower bound",−0.0319,-0.0319,4,beta,1,results,external/deberta-v3-base/estimate/summary.json,/rows/0/ci95/0,,,,round,-0.031850507117936334,
TAB9-003,Table 9,"Table 9, panel A, row Singapore theta, column 95% interval, upper bound",0.1092,0.1092,4,beta,1,results,external/deberta-v3-base/estimate/summary.json,/rows/0/ci95/1,,,,round,0.10921798909720179,
TAB9-004,Table 9,"Table 9, panel A, row Singapore theta, column p value",0.269,0.269,3,p,1,results,external/deberta-v3-base/estimate/summary.json,/rows/0/p,,,,round,0.2688655672163918,
TAB9-005,Table 9,"Table 9, panel A, row Singapore theta, column reading, minimum-detectable-effect threshold (SD)",0.25,0.25,2,sd_thr,1,results,external/deberta-v3-base/design/mde.json,/mde/SG/estimands/theta/ref_PC1/tier/text,mde_threshold,,,round,0.25,
TAB9-006,Table 9,"Table 9, panel A, row Singapore delta_UK, column estimate",0.0142,0.0142,4,beta,1,results,external/deberta-v3-base/estimate/summary.json,/rows/6/estimate,,,,round,0.014240769471442016,
TAB9-007,Table 9,"Table 9, panel A, row Singapore delta_UK, column 95% interval, lower bound",−0.0579,-0.0579,4,beta,1,results,external/deberta-v3-base/estimate/summary.json,/rows/6/ci95/0,,,,round,-0.05793091844786727,
TAB9-008,Table 9,"Table 9, panel A, row Singapore delta_UK, column 95% interval, upper bound",0.0864,0.0864,4,beta,1,results,external/deberta-v3-base/estimate/summary.json,/rows/6/ci95/1,,,,round,0.08641245739075254,
TAB9-009,Table 9,"Table 9, panel A, row Singapore delta_UK, column p value",0.694,0.694,3,p,1,results,external/deberta-v3-base/estimate/summary.json,/rows/6/p,,,,round,0.6941529235382309,
TAB9-010,Table 9,"Table 9, panel A, row Singapore delta_UK, column reading, minimum-detectable-effect threshold (SD)",0.25,0.25,2,sd_thr,1,results,external/deberta-v3-base/design/mde.json,/mde/SG/estimands/theta/ref_PC1/tier/text,mde_threshold,,,round,0.25,
TAB9-011,Table 9,"Table 9, panel A, row Singapore delta_US, column estimate",−0.0244,-0.0244,4,beta,1,results,external/deberta-v3-base/estimate/summary.json,/rows/12/estimate,,,,round,-0.024442971518191244,
TAB9-012,Table 9,"Table 9, panel A, row Canada theta, column estimate",0.0412,0.0412,4,beta,1,results,external/deberta-v3-base/estimate/summary.json,/rows/54/estimate,,,,round,0.04117005693066055,
TAB9-013,Table 9,"Table 9, panel A, row Canada theta, column 95% interval, lower bound",−0.0395,-0.0395,4,beta,1,results,external/deberta-v3-base/estimate/summary.json,/rows/54/ci95/0,,,,round,-0.03946839619974875,
TAB9-014,Table 9,"Table 9, panel A, row Canada theta, column 95% interval, upper bound",0.1218,0.1218,4,beta,1,results,external/deberta-v3-base/estimate/summary.json,/rows/54/ci95/1,,,,round,0.12180851006107458,
TAB9-015,Table 9,"Table 9, panel A, row Canada theta, column p value",0.294,0.294,3,p,1,results,external/deberta-v3-base/estimate/summary.json,/rows/54/p,,,,round,0.2943528235882059,
TAB9-016,Table 9,"Table 9, panel A, row Canada delta_UK, column estimate",−0.0294,-0.0294,4,beta,1,results,external/deberta-v3-base/estimate/summary.json,/rows/60/estimate,,,,round,-0.02939908298689433,
TAB9-017,Table 9,"Table 9, panel A, row Canada delta_UK, column 95% interval, lower bound",−0.1254,-0.1254,4,beta,1,results,external/deberta-v3-base/estimate/summary.json,/rows/60/ci95/0,,,,round,-0.12542907982532195,
TAB9-018,Table 9,"Table 9, panel A, row Canada delta_UK, column 95% interval, upper bound",0.0666,0.0666,4,beta,1,results,external/deberta-v3-base/estimate/summary.json,/rows/60/ci95/1,,,,round,0.06663091385152443,
TAB9-019,Table 9,"Table 9, panel A, row Canada delta_UK, column p value",0.535,0.535,3,p,1,results,external/deberta-v3-base/estimate/summary.json,/rows/60/p,,,,round,0.5347326336831584,
TAB9-020,Table 9,"Table 9, panel A, row Canada delta_US, column estimate",−0.0706,-0.0706,4,beta,1,results,external/deberta-v3-base/estimate/summary.json,/rows/66/estimate,,,,round,-0.07056913991755488,
TAB9-021,Table 9,"Table 9, panel B, row Singapore theta, column estimate, ModernBERT-large",0.0527,0.0527,4,beta,1,results,external/ModernBERT-large/estimate/main.json,/SG/M1/estimands/theta/ref_PC1/estimate,,,,round,0.05267880222562403,
TAB9-022,Table 9,"Table 9, panel B, row Singapore theta, column estimate, RoBERTa-large",0.0599,0.0599,4,beta,1,results,external/roberta-large/estimate/main.json,/SG/M1/estimands/theta/ref_PC1/estimate,,,,round,0.059856137691836876,
TAB9-023,Table 9,"Table 9, panel B, row Singapore theta, column estimate, Ettin-encoder-1b",0.0826,0.0826,4,beta,1,results,external/ettin-encoder-1b/estimate/main.json,/SG/M1/estimands/theta/ref_PC1/estimate,,,,round,0.08256536761203156,
TAB9-024,Table 9,"Table 9, panel B, row Singapore theta, column estimate, DeBERTa-v2-xlarge",0.0646,0.0646,4,beta,1,results,external/deberta-v2-xlarge/estimate/main.json,/SG/M1/estimands/theta/ref_PC1/estimate,,,,round,0.06460861682620926,
TAB9-025,Table 9,"Table 9, note line 4, minimum-detectable-effect threshold (SD)",0.25,0.25,2,sd_thr,1,results,external/deberta-v3-base/design/mde.json,/mde/SG/estimands/theta/ref_PC1/tier/text,mde_threshold,,,round,0.25,
